1702667638.262400,0.000000,0.000000,0.000000,0.061087,-0.029452,4.085161,0.000000,0.000000,0.000000,0.000019,0.000019,0.000019,1467.871612,1598.362958,1609.414246,1478.679761,-0.469549,0.312723,-0.318950,0.090539,-0.090539,0.000000,0.000000,0.000000,0.000000,0.000019,0.000019,0.000019
1702667638.272220,0.000000,0.000000,0.000000,0.061087,-0.029452,4.085161,0.000000,0.000000,0.000000,0.000019,0.000058,-0.000019,1467.871899,1598.365949,1609.407961,1478.682693,-0.469549,0.312723,-0.318950,0.090539,-0.090539,0.000000,0.000000,0.000000,0.000000,0.000019,0.000058,-0.000019
1702667638.283575,0.000000,0.000000,0.000000,0.061087,-0.029452,4.085161,0.000000,0.000000,0.000000,0.000000,0.000019,0.000019,1467.871612,1598.361307,1609.414246,1478.681380,-0.469549,0.312723,-0.318950,0.090539,-0.090539,0.000000,0.000000,0.000000,0.000000,0.000000,0.000019,0.000019
1702667638.292454,0.000000,0.000000,0.000000,0.061087,-0.029452,4.085161,0.000000,0.000000,0.000000,-0.000019,0.000000,-0.000039,1467.865616,1598.364142,1609.411397,1478.687396,-0.469549,0.312723,-0.318950,0.090539,-0.090539,0.000000,0.000000,0.000000,0.000000,-0.000019,0.000000,-0.000039
1702667638.301003,0.000000,0.000000,0.000000,0.061087,-0.029452,4.085161,0.000000,0.000000,0.000000,-0.000019,0.000058,-0.000019,1467.871899,1598.362646,1609.407961,1478.685930,-0.469549,0.312723,-0.318950,0.090539,-0.090539,0.000000,0.000000,0.000000,0.000000,-0.000019,0.000058,-0.000019
1702667638.309586,0.000000,0.000000,0.000000,0.061087,-0.029452,4.085161,0.000000,0.000000,0.000000,-0.000019,0.000058,-0.000019,1467.871899,1598.362646,1609.407961,1478.685930,-0.469549,0.312723,-0.318950,0.090539,-0.090539,0.000000,0.000000,0.000000,0.000000,-0.000019,0.000058,-0.000019
1702667638.315319,0.000000,0.000000,0.000000,0.061087,-0.029452,4.085161,0.000000,0.000000,0.000000,0.000019,0.000058,0.000000,1467.873362,1598.364453,1609.409459,1478.681227,-0.469549,0.312723,-0.318950,0.090539,-0.090539,0.000000,0.000000,0.000000,0.000000,0.000019,0.000058,0.000000
1702667638.322515,0.000000,0.000000,0.000000,0.061087,-0.029452,4.085161,0.000000,0.000000,0.000000,0.000000,-0.000019,-0.000019,1467.865473,1598.364297,1609.414540,1478.684311,-0.469549,0.312723,-0.318950,0.090539,-0.090539,0.000000,0.000000,0.000000,0.000000,0.000000,-0.000019,-0.000019
1702667638.335282,0.000000,0.000000,0.000000,0.061087,-0.029452,4.085161,0.000000,0.000000,0.000000,0.000039,0.000000,0.000000,1467.868543,1598.366105,1609.414393,1478.679608,-0.469549,0.312723,-0.318950,0.090539,-0.090539,0.000000,0.000000,0.000000,0.000000,0.000039,0.000000,0.000000
1702667638.342283,0.000000,0.000000,0.000000,0.061087,-0.029452,4.085161,0.000000,0.000000,0.000000,0.000019,0.000000,0.000000,1467.868543,1598.364453,1609.414393,1478.681227,-0.469549,0.312723,-0.318950,0.090539,-0.090539,0.000000,0.000000,0.000000,0.000000,0.000019,0.000000,0.000000
1702667638.361078,0.000000,0.000000,0.000000,0.061087,-0.029452,4.085161,0.000000,0.000000,0.000000,0.000019,-0.000097,0.000000,1467.860510,1598.364453,1609.422617,1478.681227,-0.469549,0.312723,-0.318950,0.090539,-0.090539,0.000000,0.000000,0.000000,0.000000,0.000019,-0.000097,0.000000
1702667638.371110,0.000000,0.000000,0.000000,0.061087,-0.029452,4.085161,0.000000,0.000000,0.000000,0.000039,0.000000,0.000019,1467.870006,1598.364609,1609.415891,1478.678142,-0.469549,0.312723,-0.318950,0.090539,-0.090539,0.000000,0.000000,0.000000,0.000000,0.000039,0.000000,0.000019
1702667638.383512,0.000000,0.000000,0.000000,0.061087,-0.029452,4.085161,0.000000,0.000000,0.000000,0.000019,0.000019,0.000000,1467.870149,1598.364453,1609.412748,1478.681227,-0.469549,0.312723,-0.318950,0.090539,-0.090539,0.000000,0.000000,0.000000,0.000000,0.000019,0.000019,0.000000
1702667638.392593,0.000000,0.000000,0.000000,0.061087,-0.029452,4.085161,0.000000,0.000000,0.000000,0.000000,-0.000039,-0.000019,1467.863866,1598.364297,1609.416184,1478.684311,-0.469549,0.312723,-0.318950,0.090539,-0.090539,0.000000,0.000000,0.000000,0.000000,0.000000,-0.000039,-0.000019
1702667638.402631,0.000000,0.000000,0.000000,0.061087,-0.029452,4.085161,0.000000,0.000000,0.000000,0.000019,0.000000,-0.000019,1467.867079,1598.365949,1609.412895,1478.682693,-0.469549,0.312723,-0.318950,0.090539,-0.090539,0.000000,0.000000,0.000000,0.000000,0.000019,0.000000,-0.000019
1702667638.411269,0.000000,0.000000,0.000000,0.061087,-0.029452,4.085161,0.000000,0.000000,0.000000,-0.000019,-0.000058,-0.000039,1467.860797,1598.364142,1609.416331,1478.687396,-0.469549,0.312723,-0.318950,0.090539,-0.090539,0.000000,0.000000,0.000000,0.000000,-0.000019,-0.000058,-0.000039
1702667638.419684,0.000000,0.000000,0.000000,0.061087,-0.029452,4.085161,0.000000,0.000000,0.000000,-0.000019,-0.000058,-0.000039,1467.860797,1598.364142,1609.416331,1478.687396,-0.469549,0.312723,-0.318950,0.090539,-0.090539,0.000000,0.000000,0.000000,0.000000,-0.000019,-0.000058,-0.000039
1702667638.425790,0.000000,0.000000,0.000000,0.061087,-0.029452,4.085161,0.000000,0.000000,0.000000,0.000000,-0.000039,0.000019,1467.866793,1598.361307,1609.419180,1478.681380,-0.469549,0.312723,-0.318950,0.090539,-0.090539,0.000000,0.000000,0.000000,0.000000,0.000000,-0.000039,0.000019
1702667638.439746,0.000000,0.000000,0.000000,0.061087,-0.029452,4.085161,0.000000,0.000000,0.000000,0.000019,0.000019,0.000000,1467.870149,1598.364453,1609.412748,1478.681227,-0.469549,0.312723,-0.318950,0.090539,-0.090539,0.000000,0.000000,0.000000,0.000000,0.000019,0.000019,0.000000
1702667638.449952,0.000000,0.000000,0.000000,0.061087,-0.029452,4.085161,0.000000,0.000000,0.000000,0.000019,0.000078,0.000039,1467.877895,1598.361463,1609.410810,1478.678295,-0.469549,0.312723,-0.318950,0.090539,-0.090539,0.000000,0.000000,0.000000,0.000000,0.000019,0.000078,0.000039
1702667638.459814,0.000000,0.000000,0.000000,0.061087,-0.029452,4.085161,0.000000,0.000000,0.000000,0.000019,0.000039,0.000000,1467.871756,1598.364453,1609.411104,1478.681227,-0.469549,0.312723,-0.318950,0.090539,-0.090539,0.000000,0.000000,0.000000,0.000000,0.000019,0.000039,0.000000
1702667638.469999,0.000000,0.000000,0.000000,0.061087,-0.029452,4.085161,0.000000,0.000000,0.000000,-0.000019,-0.000039,-0.000039,1467.862403,1598.364142,1609.414686,1478.687396,-0.469549,0.312723,-0.318950,0.090539,-0.090539,0.000000,0.000000,0.000000,0.000000,-0.000019,-0.000039,-0.000039
1702667638.482333,0.000000,0.000000,0.000000,0.061087,-0.029452,4.085161,0.000000,0.000000,0.000000,0.000000,0.000078,-0.000039,1467.872042,1598.365793,1609.404818,1478.685777,-0.469549,0.312723,-0.318950,0.090539,-0.090539,0.000000,0.000000,0.000000,0.000000,0.000000,0.000078,-0.000039
1702667638.493123,0.000000,0.000000,0.000000,0.061087,-0.029452,4.085161,0.000000,0.000000,0.000000,-0.000019,-0.000019,0.000000,1467.866936,1598.361151,1609.416038,1478.684464,-0.469549,0.312723,-0.318950,0.090539,-0.090539,0.000000,0.000000,0.000000,0.000000,-0.000019,-0.000019,0.000000
1702667638.503099,0.000000,0.000000,0.000000,0.061087,-0.029452,4.085161,0.000000,0.000000,0.000000,0.000019,0.000000,0.000039,1467.871469,1598.361463,1609.417389,1478.678295,-0.469549,0.312723,-0.318950,0.090539,-0.090539,0.000000,0.000000,0.000000,0.000000,0.000019,0.000000,0.000039
1702667638.513140,0.000000,0.000000,0.000000,0.061087,-0.029452,4.085161,0.000000,0.000000,0.000000,0.000058,0.000058,0.000000,1467.873362,1598.367756,1609.409459,1478.677989,-0.469549,0.312723,-0.318950,0.090539,-0.090539,0.000000,0.000000,0.000000,0.000000,0.000058,0.000058,0.000000
1702667638.523324,0.000000,0.000000,0.000000,0.061087,-0.029452,4.085161,0.000000,0.000000,0.000000,0.000000,-0.000078,0.000039,1467.865043,1598.359811,1609.423968,1478.679914,-0.469549,0.312723,-0.318950,0.090539,-0.090539,0.000000,0.000000,0.000000,0.000000,0.000000,-0.000078,0.000039
1702667638.535594,0.000000,0.000000,0.000000,0.061087,-0.029452,4.085161,0.000000,0.000000,0.000000,-0.000039,-0.000019,0.000000,1467.866936,1598.359500,1609.416038,1478.686083,-0.469549,0.312723,-0.318950,0.090539,-0.090539,0.000000,0.000000,0.000000,0.000000,-0.000039,-0.000019,0.000000
1702667638.542526,0.000000,0.000000,0.000000,0.061087,-0.029452,4.085161,0.000000,0.000000,0.000000,-0.000019,0.000058,0.000039,1467.876288,1598.358160,1609.412455,1478.681532,-0.469549,0.312723,-0.318950,0.090539,-0.090539,0.000000,0.000000,0.000000,0.000000,-0.000019,0.000058,0.000039
1702667638.551788,0.000000,0.000000,0.000000,0.061087,-0.029452,4.085161,0.000000,0.000000,0.000000,-0.000019,-0.000039,0.000000,1467.865330,1598.361151,1609.417682,1478.684464,-0.469549,0.312723,-0.318950,0.090539,-0.090539,0.000000,0.000000,0.000000,0.000000,-0.000019,-0.000039,0.000000
1702667638.560839,0.000000,0.000000,0.000000,0.061087,-0.029452,4.085161,0.000000,0.000000,0.000000,0.000039,-0.000019,0.000000,1467.866936,1598.366105,1609.416038,1478.679608,-0.469549,0.312723,-0.318950,0.090539,-0.090539,0.000000,0.000000,0.000000,0.000000,0.000039,-0.000019,0.000000
1702667638.569441,0.000000,0.000000,0.000000,0.062177,-0.029452,4.085161,0.000000,0.000000,0.000000,0.000039,-0.000019,0.000000,1467.866936,1598.826348,1609.416038,1478.228462,-0.469549,0.312723,-0.318950,0.091630,-0.090539,0.000000,0.000000,0.000000,0.000000,0.000039,-0.000019,0.000000
1702667638.575542,0.000000,0.000000,0.000000,0.062177,-0.029452,4.085161,0.000000,0.000000,0.000000,0.000000,0.000000,-0.000039,1467.865616,1598.826036,1609.411397,1478.234631,-0.469549,0.312723,-0.318950,0.091630,-0.090539,0.000000,0.000000,0.000000,0.000000,0.000000,0.000000,-0.000039
1702667638.584967,0.000000,0.000000,0.000000,0.062177,-0.029452,4.085161,0.000000,0.000000,0.000000,0.000019,0.000039,0.000000,1467.871756,1598.824697,1609.411104,1478.230081,-0.469549,0.312723,-0.318950,0.091630,-0.090539,0.000000,0.000000,0.000000,0.000000,0.000019,0.000039,0.000000
1702667638.593264,0.000000,0.000000,0.000000,0.062177,-0.029452,4.085161,0.000000,0.000000,0.000000,0.000058,-0.000058,-0.000019,1467.862260,1598.829495,1609.417829,1478.228309,-0.469549,0.312723,-0.318950,0.091630,-0.090539,0.000000,0.000000,0.000000,0.000000,0.000058,-0.000058,-0.000019
1702667638.602398,0.000000,0.000000,0.000000,0.062177,-0.029452,4.085161,0.000000,0.000000,0.000000,-0.000039,0.000019,0.000058,1467.874539,1598.815256,1609.417242,1478.230539,-0.469549,0.312723,-0.318950,0.091630,-0.090539,0.000000,0.000000,0.000000,0.000000,-0.000039,0.000019,0.000058
1702667638.613164,0.000000,0.000000,0.000000,0.062177,-0.029452,4.085161,0.000000,0.000000,0.000000,0.000019,-0.000116,-0.000019,1467.857440,1598.826192,1609.422763,1478.231547,-0.469549,0.312723,-0.318950,0.091630,-0.090539,0.000000,0.000000,0.000000,0.000000,0.000019,-0.000116,-0.000019
1702667638.622369,0.000000,0.000000,0.000000,0.062177,-0.029452,4.085161,0.000000,0.000000,0.000000,0.000058,0.000039,-0.000019,1467.870292,1598.829495,1609.409605,1478.228309,-0.469549,0.312723,-0.318950,0.091630,-0.090539,0.000000,0.000000,0.000000,0.000000,0.000058,0.000039,-0.000019
1702667638.640198,0.000000,0.000000,0.000000,0.062177,-0.029452,4.085161,0.000000,0.000000,0.000000,-0.000039,0.000019,0.000019,1467.871612,1598.818247,1609.414246,1478.233471,-0.469549,0.312723,-0.318950,0.091630,-0.090539,0.000000,0.000000,0.000000,0.000000,-0.000039,0.000019,0.000019
1702667638.645911,0.000000,0.000000,0.000000,0.062177,-0.029452,4.085161,0.000000,0.000000,0.000000,0.000019,0.000019,-0.000097,1467.862833,1598.832174,1609.405258,1478.237410,-0.469549,0.312723,-0.318950,0.091630,-0.090539,0.000000,0.000000,0.000000,0.000000,0.000019,0.000019,-0.000097
1702667638.653517,0.000000,0.000000,0.000000,0.062177,-0.029452,4.085161,0.000000,0.000000,0.000000,0.000039,0.000000,0.000058,1467.872932,1598.821862,1609.418887,1478.224065,-0.469549,0.312723,-0.318950,0.091630,-0.090539,0.000000,0.000000,0.000000,0.000000,0.000039,0.000000,0.000058
1702667638.664154,0.000000,0.000000,0.000000,0.062177,-0.029452,4.085161,0.000000,0.000000,0.000000,-0.000019,0.000039,0.000019,1467.873219,1598.819899,1609.412602,1478.231852,-0.469549,0.312723,-0.318950,0.091630,-0.090539,0.000000,0.000000,0.000000,0.000000,-0.000019,0.000039,0.000019
1702667638.675596,0.000000,0.000000,0.000000,0.062177,-0.029452,4.085161,0.000000,0.000000,0.000000,0.000019,-0.000039,-0.000097,1467.858013,1598.832174,1609.410192,1478.237410,-0.469549,0.312723,-0.318950,0.091630,-0.090539,0.000000,0.000000,0.000000,0.000000,0.000019,-0.000039,-0.000097
1702667638.690810,0.000000,0.000000,0.000000,0.062177,-0.029452,4.085161,0.000000,0.000000,0.000000,0.000039,-0.000019,0.000116,1467.875715,1598.817375,1609.425026,1478.219667,-0.469549,0.312723,-0.318950,0.091630,-0.090539,0.000000,0.000000,0.000000,0.000000,0.000039,-0.000019,0.000116
1702667638.700688,0.000000,0.000000,0.000000,0.062177,-0.029452,4.085161,0.000000,0.000000,0.000000,-0.000019,0.000019,-0.000136,1467.859907,1598.831862,1609.402262,1478.243578,-0.469549,0.312723,-0.318950,0.091630,-0.090539,0.000000,0.000000,0.000000,0.000000,-0.000019,0.000019,-0.000136
1702667638.710710,0.000000,0.000000,0.000000,0.062177,-0.029452,4.085161,0.000000,0.000000,0.000000,0.000019,0.000019,0.000097,1467.877465,1598.817219,1609.420238,1478.222752,-0.469549,0.312723,-0.318950,0.091630,-0.090539,0.000000,0.000000,0.000000,0.000000,0.000019,0.000019,0.000097
1702667638.720527,0.000000,0.000000,0.000000,0.062177,-0.029452,4.085161,0.000000,0.000000,0.000000,0.000000,0.000039,-0.000136,1467.861513,1598.833514,1609.400617,1478.241960,-0.469549,0.312723,-0.318950,0.091630,-0.090539,0.000000,0.000000,0.000000,0.000000,0.000000,0.000039,-0.000136
1702667638.733115,0.000000,0.000000,0.000000,0.062177,-0.029452,4.085161,0.000000,0.000000,0.000000,0.000000,-0.000039,0.000097,1467.872646,1598.815568,1609.425173,1478.224370,-0.469549,0.312723,-0.318950,0.091630,-0.090539,0.000000,0.000000,0.000000,0.000000,0.000000,-0.000039,0.000097
1702667638.741801,0.000000,0.000000,0.000000,0.062177,-0.029452,4.085161,0.000000,0.000000,0.000000,0.000019,0.000019,0.000136,1467.880392,1598.814228,1609.423235,1478.219820,-0.469549,0.312723,-0.318950,0.091630,-0.090539,0.000000,0.000000,0.000000,0.000000,0.000019,0.000019,0.000136
1702667638.753539,0.000000,0.000000,0.000000,0.062177,-0.029452,4.085161,0.000000,0.000000,0.000000,0.000000,0.000039,-0.000136,1467.861513,1598.833514,1609.400617,1478.241960,-0.469549,0.312723,-0.318950,0.091630,-0.090539,0.000000,0.000000,0.000000,0.000000,0.000000,0.000039,-0.000136
1702667638.763514,0.000000,0.000000,0.000000,0.062177,-0.029452,4.085161,0.000000,0.000000,0.000000,0.000000,0.000039,0.000097,1467.879072,1598.815568,1609.418594,1478.224370,-0.469549,0.312723,-0.318950,0.091630,-0.090539,0.000000,0.000000,0.000000,0.000000,0.000000,0.000039,0.000097
1702667638.773545,0.000000,0.000000,0.000000,0.062177,-0.029452,4.085161,0.000000,0.000000,0.000000,0.000000,0.000039,-0.000136,1467.861513,1598.833514,1609.400617,1478.241960,-0.469549,0.312723,-0.318950,0.091630,-0.090539,0.000000,0.000000,0.000000,0.000000,0.000000,0.000039,-0.000136
1702667638.790547,0.000000,0.000000,0.000000,0.062177,-0.029452,4.085161,0.000000,0.000000,0.000000,0.000019,0.000019,0.000116,1467.878928,1598.815724,1609.421736,1478.221286,-0.469549,0.312723,-0.318950,0.091630,-0.090539,0.000000,0.000000,0.000000,0.000000,0.000019,0.000019,0.000116
1702667638.800593,0.000000,0.000000,0.000000,0.062177,-0.029452,4.085161,0.000000,0.000000,0.000000,0.000000,0.000019,-0.000116,1467.861370,1598.832018,1609.403760,1478.240494,-0.469549,0.312723,-0.318950,0.091630,-0.090539,0.000000,0.000000,0.000000,0.000000,0.000000,0.000019,-0.000116
1702667638.810539,0.000000,0.000000,0.000000,0.062177,-0.029452,4.085161,0.000000,0.000000,0.000000,0.000019,0.000000,0.000097,1467.875859,1598.817219,1609.421883,1478.222752,-0.469549,0.312723,-0.318950,0.091630,-0.090539,0.000000,0.000000,0.000000,0.000000,0.000019,0.000000,0.000097
1702667638.820592,0.000000,0.000000,0.000000,0.062177,-0.029452,4.085161,0.000000,0.000000,0.000000,0.000000,0.000019,-0.000078,1467.864296,1598.829027,1609.406756,1478.237562,-0.469549,0.312723,-0.318950,0.091630,-0.090539,0.000000,0.000000,0.000000,0.000000,0.000000,0.000019,-0.000078
1702667638.834968,0.000000,0.000000,0.000000,0.062177,-0.029452,4.085161,0.000000,0.000000,0.000000,0.000039,-0.000019,-0.000116,1467.858157,1598.835321,1609.407049,1478.237257,-0.469549,0.312723,-0.318950,0.091630,-0.090539,0.000000,0.000000,0.000000,0.000000,0.000039,-0.000019,-0.000116
1702667638.843671,0.000000,0.000000,0.000000,0.062177,-0.029452,4.085161,0.000000,0.000000,0.000000,0.000019,-0.000019,0.000078,1467.872789,1598.818715,1609.422030,1478.224218,-0.469549,0.312723,-0.318950,0.091630,-0.090539,0.000000,0.000000,0.000000,0.000000,0.000019,-0.000019,0.000078
1702667638.853683,0.000000,0.000000,0.000000,0.062177,-0.029452,4.085161,0.000000,0.000000,0.000000,-0.000019,-0.000019,-0.000078,1467.861083,1598.827376,1609.410045,1478.239181,-0.469549,0.312723,-0.318950,0.091630,-0.090539,0.000000,0.000000,0.000000,0.000000,-0.000019,-0.000019,-0.000078
1702667638.863899,0.000000,0.000000,0.000000,0.062177,-0.029452,4.085161,0.000000,0.000000,0.000000,-0.000039,0.000000,0.000097,1467.875859,1598.812265,1609.421883,1478.227607,-0.469549,0.312723,-0.318950,0.091630,-0.090539,0.000000,0.000000,0.000000,0.000000,-0.000039,0.000000,0.000097
1702667638.873710,0.000000,0.000000,0.000000,0.062177,-0.029452,4.085161,0.000000,0.000000,0.000000,0.000019,-0.000019,-0.000097,1467.859620,1598.832174,1609.408547,1478.237410,-0.469549,0.312723,-0.318950,0.091630,-0.090539,0.000000,0.000000,0.000000,0.000000,0.000019,-0.000019,-0.000097
1702667638.891094,0.000000,0.000000,0.000000,0.062177,-0.029452,4.085161,0.000000,0.000000,0.000000,0.000019,-0.000078,0.000019,1467.863580,1598.823201,1609.422470,1478.228615,-0.469549,0.312723,-0.318950,0.091630,-0.090539,0.000000,0.000000,0.000000,0.000000,0.000019,-0.000078,0.000019
1702667638.900900,0.000000,0.000000,0.000000,0.062177,-0.029452,4.085161,0.000000,0.000000,0.000000,0.000019,-0.000019,-0.000039,1467.864010,1598.827688,1609.413042,1478.233012,-0.469549,0.312723,-0.318950,0.091630,-0.090539,0.000000,0.000000,0.000000,0.000000,0.000019,-0.000019,-0.000039
1702667638.911007,0.000000,0.000000,0.000000,0.062177,-0.029452,4.085161,0.000000,0.000000,0.000000,0.000019,0.000019,0.000019,1467.871612,1598.823201,1609.414246,1478.228615,-0.469549,0.312723,-0.318950,0.091630,-0.090539,0.000000,0.000000,0.000000,0.000000,0.000019,0.000019,0.000019
1702667638.921069,0.000000,0.000000,0.000000,0.061087,-0.029452,4.085161,0.000000,0.000000,0.000000,0.000019,0.000058,0.000000,1467.873362,1598.364453,1609.409459,1478.681227,-0.469549,0.312723,-0.318950,0.090539,-0.090539,0.000000,0.000000,0.000000,0.000000,0.000019,0.000058,0.000000
1702667638.934315,0.000000,0.000000,0.000000,0.061087,-0.029452,4.085161,0.000000,0.000000,0.000000,-0.000019,0.000000,-0.000039,1467.865616,1598.364142,1609.411397,1478.687396,-0.469549,0.312723,-0.318950,0.090539,-0.090539,0.000000,0.000000,0.000000,0.000000,-0.000019,0.000000,-0.000039
1702667638.943591,0.000000,0.000000,0.000000,0.061087,-0.029452,4.085161,0.000000,0.000000,0.000000,0.000039,0.000000,-0.000078,1467.862690,1598.372086,1609.408401,1478.685472,-0.469549,0.312723,-0.318950,0.090539,-0.090539,0.000000,0.000000,0.000000,0.000000,0.000039,0.000000,-0.000078
1702667638.952480,0.000000,0.000000,0.000000,0.061087,-0.029452,4.085161,0.000000,0.000000,0.000000,-0.000019,-0.000019,0.000039,1467.869862,1598.358160,1609.419034,1478.681532,-0.469549,0.312723,-0.318950,0.090539,-0.090539,0.000000,0.000000,0.000000,0.000000,-0.000019,-0.000019,0.000039
1702667638.962548,0.000000,0.000000,0.000000,0.061087,-0.029452,4.085161,0.000000,0.000000,0.000000,0.000000,0.000039,-0.000078,1467.865903,1598.368784,1609.405111,1478.688709,-0.469549,0.312723,-0.318950,0.090539,-0.090539,0.000000,0.000000,0.000000,0.000000,0.000000,0.000039,-0.000078
1702667638.972617,0.000000,0.000000,0.000000,0.061087,-0.029452,4.085161,0.000000,0.000000,0.000000,0.000000,0.000058,0.000058,1467.877752,1598.358316,1609.413953,1478.678448,-0.469549,0.312723,-0.318950,0.090539,-0.090539,0.000000,0.000000,0.000000,0.000000,0.000000,0.000058,0.000058
1702667638.985094,0.000000,0.000000,0.000000,0.061087,-0.029452,4.085161,0.000000,0.000000,0.000000,0.000019,-0.000019,-0.000078,1467.861083,1598.370435,1609.410045,1478.687090,-0.469549,0.312723,-0.318950,0.090539,-0.090539,0.000000,0.000000,0.000000,0.000000,0.000019,-0.000019,-0.000078
1702667638.993896,0.000000,0.000000,0.000000,0.061087,-0.029452,4.085161,0.000000,0.000000,0.000000,0.000000,-0.000019,0.000097,1467.874252,1598.355325,1609.423528,1478.675516,-0.469549,0.312723,-0.318950,0.090539,-0.090539,0.000000,0.000000,0.000000,0.000000,0.000000,-0.000019,0.000097
1702667639.004250,0.000000,0.000000,0.000000,0.061087,-0.029452,4.085161,0.000000,0.000000,0.000000,0.000039,-0.000019,-0.000116,1467.858157,1598.375077,1609.407049,1478.688404,-0.469549,0.312723,-0.318950,0.090539,-0.090539,0.000000,0.000000,0.000000,0.000000,0.000039,-0.000019,-0.000116
1702667639.014078,0.000000,0.000000,0.000000,0.061087,-0.029452,4.085161,0.000000,0.000000,0.000000,0.000019,-0.000116,0.000116,1467.867683,1598.355481,1609.433250,1478.672431,-0.469549,0.312723,-0.318950,0.090539,-0.090539,0.000000,0.000000,0.000000,0.000000,0.000019,-0.000116,0.000116
1702667639.024160,0.000000,0.000000,0.000000,0.061087,-0.029452,4.085161,0.000000,0.000000,0.000000,0.000019,0.000019,-0.000058,1467.865759,1598.368939,1609.408254,1478.685624,-0.469549,0.312723,-0.318950,0.090539,-0.090539,0.000000,0.000000,0.000000,0.000000,0.000019,0.000019,-0.000058
1702667639.041066,0.000000,0.000000,0.000000,0.061087,-0.029452,4.085161,0.000000,0.000000,0.000000,0.000058,0.000000,0.000058,1467.872932,1598.363270,1609.418887,1478.673592,-0.469549,0.312723,-0.318950,0.090539,-0.090539,0.000000,0.000000,0.000000,0.000000,0.000058,0.000000,0.000058
1702667639.050964,0.000000,0.000000,0.000000,0.061087,-0.029452,4.085161,0.000000,0.000000,0.000000,-0.000019,-0.000019,-0.000058,1467.862546,1598.365637,1609.411544,1478.688862,-0.469549,0.312723,-0.318950,0.090539,-0.090539,0.000000,0.000000,0.000000,0.000000,-0.000019,-0.000019,-0.000058
1702667639.061256,0.000000,0.000000,0.000000,0.061087,-0.029452,4.085161,0.000000,0.000000,0.000000,0.000000,0.000019,0.000058,1467.874539,1598.358316,1609.417242,1478.678448,-0.469549,0.312723,-0.318950,0.090539,-0.090539,0.000000,0.000000,0.000000,0.000000,0.000000,0.000019,0.000058
1702667639.071087,0.000000,0.000000,0.000000,0.061087,-0.029452,4.085161,0.000000,0.000000,0.000000,0.000000,0.000058,0.000000,1467.873362,1598.362802,1609.409459,1478.682845,-0.469549,0.312723,-0.318950,0.090539,-0.090539,0.000000,0.000000,0.000000,0.000000,0.000000,0.000058,0.000000
1702667639.083667,0.000000,0.000000,0.000000,0.061087,-0.029452,4.085161,0.000000,0.000000,0.000000,0.000000,-0.000039,-0.000039,1467.862403,1598.365793,1609.414686,1478.685777,-0.469549,0.312723,-0.318950,0.090539,-0.090539,0.000000,0.000000,0.000000,0.000000,0.000000,-0.000039,-0.000039
1702667639.092631,0.000000,0.000000,0.000000,0.061087,-0.029452,4.085161,0.000000,0.000000,0.000000,-0.000019,0.000019,-0.000136,1467.859907,1598.371618,1609.402262,1478.694725,-0.469549,0.312723,-0.318950,0.090539,-0.090539,0.000000,0.000000,0.000000,0.000000,-0.000019,0.000019,-0.000136
1702667639.102416,0.000000,0.000000,0.000000,0.061087,-0.029452,4.085161,0.000000,0.000000,0.000000,0.000019,0.000019,0.000136,1467.880392,1598.353986,1609.423235,1478.670965,-0.469549,0.312723,-0.318950,0.090539,-0.090539,0.000000,0.000000,0.000000,0.000000,0.000019,0.000019,0.000136
1702667639.112482,0.000000,0.000000,0.000000,0.061087,-0.029452,4.085161,0.000000,0.000000,0.000000,-0.000039,0.000078,-0.000155,1467.863263,1598.371463,1609.395830,1478.697810,-0.469549,0.312723,-0.318950,0.090539,-0.090539,0.000000,0.000000,0.000000,0.000000,-0.000039,0.000078,-0.000155
1702667639.122529,0.000000,0.000000,0.000000,0.061087,-0.029452,4.085161,0.000000,0.000000,0.000000,0.000019,0.000039,0.000136,1467.881998,1598.353986,1609.421590,1478.670965,-0.469549,0.312723,-0.318950,0.090539,-0.090539,0.000000,0.000000,0.000000,0.000000,0.000019,0.000039,0.000136
1702667639.135146,0.000000,0.000000,0.000000,0.061087,-0.029452,4.085161,0.000000,0.000000,0.000000,0.000000,0.000078,-0.000097,1467.867652,1598.370279,1609.400324,1478.690175,-0.469549,0.312723,-0.318950,0.090539,-0.090539,0.000000,0.000000,0.000000,0.000000,0.000000,0.000078,-0.000097
1702667639.143828,0.000000,0.000000,0.000000,0.061087,-0.029452,4.085161,0.000000,0.000000,0.000000,0.000000,0.000019,0.000058,1467.874539,1598.358316,1609.417242,1478.678448,-0.469549,0.312723,-0.318950,0.090539,-0.090539,0.000000,0.000000,0.000000,0.000000,0.000000,0.000019,0.000058
1702667639.152649,0.000000,0.000000,0.000000,0.061087,-0.029452,4.085161,0.000000,0.000000,0.000000,0.000019,0.000019,-0.000019,1467.868686,1598.365949,1609.411250,1478.682693,-0.469549,0.312723,-0.318950,0.090539,-0.090539,0.000000,0.000000,0.000000,0.000000,0.000019,0.000019,-0.000019
1702667639.162690,0.000000,0.000000,0.000000,0.061087,-0.029452,4.085161,0.000000,0.000000,0.000000,0.000019,0.000019,-0.000019,1467.868686,1598.365949,1609.411250,1478.682693,-0.469549,0.312723,-0.318950,0.090539,-0.090539,0.000000,0.000000,0.000000,0.000000,0.000019,0.000019,-0.000019
1702667639.172688,0.000000,0.000000,0.000000,0.061087,-0.029452,4.085161,0.000000,0.000000,0.000000,-0.000019,-0.000097,0.000058,1467.864900,1598.356665,1609.427111,1478.680066,-0.469549,0.312723,-0.318950,0.090539,-0.090539,0.000000,0.000000,0.000000,0.000000,-0.000019,-0.000097,0.000058
1702667639.184979,0.000000,0.000000,0.000000,0.061087,-0.029452,4.085161,0.000000,0.000000,0.000000,0.000000,-0.000019,-0.000039,1467.864010,1598.365793,1609.413042,1478.685777,-0.469549,0.312723,-0.318950,0.090539,-0.090539,0.000000,0.000000,0.000000,0.000000,0.000000,-0.000019,-0.000039
1702667639.194362,0.000000,0.000000,0.000000,0.061087,-0.029452,4.085161,0.000000,0.000000,0.000000,0.000019,-0.000058,0.000116,1467.872502,1598.355481,1609.428315,1478.672431,-0.469549,0.312723,-0.318950,0.090539,-0.090539,0.000000,0.000000,0.000000,0.000000,0.000019,-0.000058,0.000116
1702667639.204183,0.000000,0.000000,0.000000,0.061087,-0.029452,4.085161,0.000000,0.000000,0.000000,0.000000,0.000000,-0.000175,1467.855374,1598.376260,1609.400911,1478.696039,-0.469549,0.312723,-0.318950,0.090539,-0.090539,0.000000,0.000000,0.000000,0.000000,0.000000,0.000000,-0.000175
1702667639.214324,0.000000,0.000000,0.000000,0.061087,-0.029452,4.085161,0.000000,0.000000,0.000000,0.000000,-0.000078,0.000194,1467.876749,1598.347849,1609.435952,1478.668186,-0.469549,0.312723,-0.318950,0.090539,-0.090539,0.000000,0.000000,0.000000,0.000000,0.000000,-0.000078,0.000194
1702667639.224201,0.000000,0.000000,0.000000,0.061087,-0.029452,4.085161,0.000000,0.000000,0.000000,0.000000,-0.000039,-0.000136,1467.855087,1598.373270,1609.407196,1478.693107,-0.469549,0.312723,-0.318950,0.090539,-0.090539,0.000000,0.000000,0.000000,0.000000,0.000000,-0.000039,-0.000136
1702667639.241086,0.000000,0.000000,0.000000,0.061087,-0.029452,4.085161,0.000000,0.000000,0.000000,0.000000,-0.000039,0.000097,1467.872646,1598.355325,1609.425173,1478.675516,-0.469549,0.312723,-0.318950,0.090539,-0.090539,0.000000,0.000000,0.000000,0.000000,0.000000,-0.000039,0.000097
1702667639.246751,0.000000,0.000000,0.000000,0.061087,-0.029452,4.085161,0.000000,0.000000,0.000000,0.000019,0.000019,-0.000058,1467.865759,1598.368939,1609.408254,1478.685624,-0.469549,0.312723,-0.318950,0.090539,-0.090539,0.000000,0.000000,0.000000,0.000000,0.000019,0.000019,-0.000058
1702667639.254121,0.000000,0.000000,0.000000,0.061087,-0.029452,4.085161,0.000000,0.000000,0.000000,0.000039,0.000000,0.000039,1467.871469,1598.363114,1609.417389,1478.676676,-0.469549,0.312723,-0.318950,0.090539,-0.090539,0.000000,0.000000,0.000000,0.000000,0.000039,0.000000,0.000039
1702667639.264227,0.000000,0.000000,0.000000,0.061087,-0.029452,4.085161,0.000000,0.000000,0.000000,0.000039,0.000000,0.000039,1467.871469,1598.363114,1609.417389,1478.676676,-0.469549,0.312723,-0.318950,0.090539,-0.090539,0.000000,0.000000,0.000000,0.000000,0.000039,0.000000,0.000039
1702667639.274465,0.000000,0.000000,0.000000,0.061087,-0.029452,4.085161,0.000000,0.000000,0.000000,0.000000,-0.000039,0.000000,1467.865330,1598.362802,1609.417682,1478.682845,-0.469549,0.312723,-0.318950,0.090539,-0.090539,0.000000,0.000000,0.000000,0.000000,0.000000,-0.000039,0.000000
1702667639.291342,0.000000,0.000000,0.000000,0.061087,-0.029452,4.085161,0.000000,0.000000,0.000000,0.000019,0.000039,0.000097,1467.879072,1598.356977,1609.418594,1478.673897,-0.469549,0.312723,-0.318950,0.090539,-0.090539,0.000000,0.000000,0.000000,0.000000,0.000019,0.000039,0.000097
1702667639.301368,0.000000,0.000000,0.000000,0.061087,-0.029452,4.085161,0.000000,0.000000,0.000000,-0.000019,-0.000019,-0.000155,1467.855230,1598.373114,1609.404053,1478.696191,-0.469549,0.312723,-0.318950,0.090539,-0.090539,0.000000,0.000000,0.000000,0.000000,-0.000019,-0.000019,-0.000155
1702667639.311373,0.000000,0.000000,0.000000,0.061087,-0.029452,4.085161,0.000000,0.000000,0.000000,-0.000019,-0.000019,-0.000155,1467.855230,1598.373114,1609.404053,1478.696191,-0.469549,0.312723,-0.318950,0.090539,-0.090539,0.000000,0.000000,0.000000,0.000000,-0.000019,-0.000019,-0.000155
1702667639.321595,0.000000,0.000000,0.000000,0.061087,-0.029452,4.085161,0.000000,0.000000,0.000000,0.000000,-0.000019,0.000136,1467.877179,1598.352335,1609.426524,1478.672584,-0.469549,0.312723,-0.318950,0.090539,-0.090539,0.000000,0.000000,0.000000,0.000000,0.000000,-0.000019,0.000136
1702667639.334418,0.000000,0.000000,0.000000,0.061087,-0.029452,4.085161,0.000000,0.000000,0.000000,0.000039,0.000039,-0.000136,1467.861513,1598.376572,1609.400617,1478.689869,-0.469549,0.312723,-0.318950,0.090539,-0.090539,0.000000,0.000000,0.000000,0.000000,0.000039,0.000039,-0.000136
1702667639.344123,0.000000,0.000000,0.000000,0.061087,-0.029452,4.085161,0.000000,0.000000,0.000000,0.000019,0.000019,0.000039,1467.873075,1598.361463,1609.415744,1478.678295,-0.469549,0.312723,-0.318950,0.090539,-0.090539,0.000000,0.000000,0.000000,0.000000,0.000019,0.000019,0.000039
1702667639.353272,0.000000,0.000000,0.000000,0.061087,-0.029452,4.085161,0.000000,0.000000,0.000000,0.000019,0.000019,0.000039,1467.873075,1598.361463,1609.415744,1478.678295,-0.469549,0.312723,-0.318950,0.090539,-0.090539,0.000000,0.000000,0.000000,0.000000,0.000019,0.000019,0.000039
1702667639.363161,0.000000,0.000000,0.000000,0.061087,-0.029452,4.085161,0.000000,0.000000,0.000000,0.000000,0.000019,0.000000,1467.870149,1598.362802,1609.412748,1478.682845,-0.469549,0.312723,-0.318950,0.090539,-0.090539,0.000000,0.000000,0.000000,0.000000,0.000000,0.000019,0.000000
1702667639.373187,0.000000,0.000000,0.000000,0.061087,-0.029452,4.085161,0.000000,0.000000,0.000000,0.000000,0.000019,0.000000,1467.870149,1598.362802,1609.412748,1478.682845,-0.469549,0.312723,-0.318950,0.090539,-0.090539,0.000000,0.000000,0.000000,0.000000,0.000000,0.000019,0.000000
1702667639.385613,0.000000,0.000000,0.000000,0.061087,-0.029452,4.085161,0.000000,0.000000,0.000000,0.000000,0.000039,0.000000,1467.871756,1598.362802,1609.411104,1478.682845,-0.469549,0.312723,-0.318950,0.090539,-0.090539,0.000000,0.000000,0.000000,0.000000,0.000000,0.000039,0.000000
1702667639.394393,0.000000,0.000000,0.000000,0.061087,-0.029452,4.085161,0.000000,0.000000,0.000000,0.000000,-0.000058,0.000097,1467.871039,1598.355325,1609.426817,1478.675516,-0.469549,0.312723,-0.318950,0.090539,-0.090539,0.000000,0.000000,0.000000,0.000000,0.000000,-0.000058,0.000097
1702667639.404585,0.000000,0.000000,0.000000,0.061087,-0.029452,4.085161,0.000000,0.000000,0.000000,0.000000,-0.000058,0.000097,1467.871039,1598.355325,1609.426817,1478.675516,-0.469549,0.312723,-0.318950,0.090539,-0.090539,0.000000,0.000000,0.000000,0.000000,0.000000,-0.000058,0.000097
1702667639.414642,0.000000,0.000000,0.000000,0.061087,-0.029452,4.085161,0.000000,0.000000,0.000000,0.000019,0.000019,-0.000078,1467.864296,1598.370435,1609.406756,1478.687090,-0.469549,0.312723,-0.318950,0.090539,-0.090539,0.000000,0.000000,0.000000,0.000000,0.000019,0.000019,-0.000078
1702667639.424469,0.000000,0.000000,0.000000,0.061087,-0.029452,4.085161,0.000000,0.000000,0.000000,0.000019,-0.000039,0.000058,1467.869719,1598.359967,1609.422177,1478.676829,-0.469549,0.312723,-0.318950,0.090539,-0.090539,0.000000,0.000000,0.000000,0.000000,0.000019,-0.000039,0.000058
1702667639.441532,0.000000,0.000000,0.000000,0.061087,-0.029452,4.085161,0.000000,0.000000,0.000000,0.000039,0.000078,-0.000155,1467.863263,1598.378067,1609.395830,1478.691335,-0.469549,0.312723,-0.318950,0.090539,-0.090539,0.000000,0.000000,0.000000,0.000000,0.000039,0.000078,-0.000155
1702667639.451585,0.000000,0.000000,0.000000,0.061087,-0.029452,4.085161,0.000000,0.000000,0.000000,0.000000,0.000000,-0.000039,1467.865616,1598.365793,1609.411397,1478.685777,-0.469549,0.312723,-0.318950,0.090539,-0.090539,0.000000,0.000000,0.000000,0.000000,0.000000,0.000000,-0.000039
1702667639.461561,0.000000,0.000000,0.000000,0.061087,-0.029452,4.085161,0.000000,0.000000,0.000000,0.000000,0.000000,-0.000039,1467.865616,1598.365793,1609.411397,1478.685777,-0.469549,0.312723,-0.318950,0.090539,-0.090539,0.000000,0.000000,0.000000,0.000000,0.000000,0.000000,-0.000039
1702667639.471615,0.000000,0.000000,0.000000,0.061087,-0.029452,4.085161,0.000000,0.000000,0.000000,0.000000,-0.000019,0.000058,1467.871326,1598.358316,1609.420532,1478.678448,-0.469549,0.312723,-0.318950,0.090539,-0.090539,0.000000,0.000000,0.000000,0.000000,0.000000,-0.000019,0.000058
1702667639.484186,0.000000,0.000000,0.000000,0.061087,-0.029452,4.085161,0.000000,0.000000,0.000000,0.000000,0.000058,-0.000019,1467.871899,1598.364297,1609.407961,1478.684311,-0.469549,0.312723,-0.318950,0.090539,-0.090539,0.000000,0.000000,0.000000,0.000000,0.000000,0.000058,-0.000019
1702667639.493099,0.000000,0.000000,0.000000,0.061087,-0.029452,4.085161,0.000000,0.000000,0.000000,0.000039,-0.000058,-0.000039,1467.860797,1598.369095,1609.416331,1478.682540,-0.469549,0.312723,-0.318950,0.090539,-0.090539,0.000000,0.000000,0.000000,0.000000,0.000039,-0.000058,-0.000039
1702667639.503146,0.000000,0.000000,0.000000,0.061087,-0.029452,4.085161,0.000000,0.000000,0.000000,0.000039,-0.000058,-0.000039,1467.860797,1598.369095,1609.416331,1478.682540,-0.469549,0.312723,-0.318950,0.090539,-0.090539,0.000000,0.000000,0.000000,0.000000,0.000039,-0.000058,-0.000039
1702667639.513096,0.000000,0.000000,0.000000,0.061087,-0.029452,4.085161,0.000000,0.000000,0.000000,0.000039,0.000000,0.000058,1467.872932,1598.361618,1609.418887,1478.675210,-0.469549,0.312723,-0.318950,0.090539,-0.090539,0.000000,0.000000,0.000000,0.000000,0.000039,0.000000,0.000058
1702667639.523104,0.000000,0.000000,0.000000,0.061087,-0.029452,4.085161,0.000000,0.000000,0.000000,0.000039,0.000000,-0.000058,1467.864153,1598.370591,1609.409899,1478.684006,-0.469549,0.312723,-0.318950,0.090539,-0.090539,0.000000,0.000000,0.000000,0.000000,0.000039,0.000000,-0.000058
1702667639.536062,0.000000,0.000000,0.000000,0.061087,-0.029452,4.085161,0.000000,0.000000,0.000000,0.000000,0.000000,0.000097,1467.875859,1598.355325,1609.421883,1478.675516,-0.469549,0.312723,-0.318950,0.090539,-0.090539,0.000000,0.000000,0.000000,0.000000,0.000000,0.000000,0.000097
1702667639.544469,0.000000,0.000000,0.000000,0.061087,-0.029452,4.085161,0.000000,0.000000,0.000000,0.000000,0.000058,-0.000078,1467.867509,1598.368784,1609.403467,1478.688709,-0.469549,0.312723,-0.318950,0.090539,-0.090539,0.000000,0.000000,0.000000,0.000000,0.000000,0.000058,-0.000078
1702667639.553113,0.000000,0.000000,0.000000,0.061087,-0.029452,4.085161,0.000000,0.000000,0.000000,0.000000,-0.000039,0.000136,1467.875572,1598.352335,1609.428169,1478.672584,-0.469549,0.312723,-0.318950,0.090539,-0.090539,0.000000,0.000000,0.000000,0.000000,0.000000,-0.000039,0.000136
1702667639.563100,0.000000,0.000000,0.000000,0.061087,-0.029452,4.085161,0.000000,0.000000,0.000000,0.000039,0.000000,-0.000097,1467.861226,1598.373581,1609.406903,1478.686938,-0.469549,0.312723,-0.318950,0.090539,-0.090539,0.000000,0.000000,0.000000,0.000000,0.000039,0.000000,-0.000097
1702667639.574615,0.000000,0.000000,0.000000,0.061087,-0.029452,4.085161,0.000000,0.000000,0.000000,0.000000,0.000058,0.000039,1467.876288,1598.359811,1609.412455,1478.679914,-0.469549,0.312723,-0.318950,0.090539,-0.090539,0.000000,0.000000,0.000000,0.000000,0.000000,0.000058,0.000039
1702667639.591766,0.000000,0.000000,0.000000,0.061087,-0.029452,4.085161,0.000000,0.000000,0.000000,0.000019,0.000058,-0.000039,1467.870436,1598.367444,1609.406463,1478.684159,-0.469549,0.312723,-0.318950,0.090539,-0.090539,0.000000,0.000000,0.000000,0.000000,0.000019,0.000058,-0.000039
1702667639.601866,0.000000,0.000000,0.000000,0.061087,-0.029452,4.085161,0.000000,0.000000,0.000000,0.000019,-0.000019,0.000039,1467.869862,1598.361463,1609.419034,1478.678295,-0.469549,0.312723,-0.318950,0.090539,-0.090539,0.000000,0.000000,0.000000,0.000000,0.000019,-0.000019,0.000039
1702667639.611866,0.000000,0.000000,0.000000,0.061087,-0.029452,4.085161,0.000000,0.000000,0.000000,0.000019,0.000000,0.000000,1467.868543,1598.364453,1609.414393,1478.681227,-0.469549,0.312723,-0.318950,0.090539,-0.090539,0.000000,0.000000,0.000000,0.000000,0.000019,0.000000,0.000000
1702667639.621307,0.000000,0.000000,0.000000,0.061087,-0.029452,4.085161,0.000000,0.000000,0.000000,0.000000,0.000000,-0.000039,1467.865616,1598.365793,1609.411397,1478.685777,-0.469549,0.312723,-0.318950,0.090539,-0.090539,0.000000,0.000000,0.000000,0.000000,0.000000,0.000000,-0.000039
1702667639.627303,0.000000,0.000000,0.000000,0.061087,-0.029452,4.085161,0.000000,0.000000,0.000000,-0.000019,-0.000058,0.000097,1467.871039,1598.353674,1609.426817,1478.677135,-0.469549,0.312723,-0.318950,0.090539,-0.090539,0.000000,0.000000,0.000000,0.000000,-0.000019,-0.000058,0.000097
1702667639.642795,0.000000,0.000000,0.000000,0.061087,-0.029452,4.085161,0.000000,0.000000,0.000000,0.000058,-0.000058,0.000097,1467.871039,1598.360279,1609.426817,1478.670660,-0.469549,0.312723,-0.318950,0.090539,-0.090539,0.000000,0.000000,0.000000,0.000000,0.000058,-0.000058,0.000097
1702667639.651479,0.000000,0.000000,0.000000,0.061087,-0.029452,4.085161,0.000000,0.000000,0.000000,0.000058,-0.000058,0.000097,1467.871039,1598.360279,1609.426817,1478.670660,-0.469549,0.312723,-0.318950,0.090539,-0.090539,0.000000,0.000000,0.000000,0.000000,0.000058,-0.000058,0.000097
1702667639.661550,0.000000,0.000000,0.000000,0.061087,-0.029452,4.085161,0.000000,0.000000,0.000000,-0.000019,-0.000039,-0.000136,1467.855087,1598.371618,1609.407196,1478.694725,-0.469549,0.312723,-0.318950,0.090539,-0.090539,0.000000,0.000000,0.000000,0.000000,-0.000019,-0.000039,-0.000136
1702667639.667146,0.000000,0.000000,0.000000,0.061087,-0.029452,4.085161,0.000000,0.000000,0.000000,0.000000,-0.000019,0.000136,1467.877179,1598.352335,1609.426524,1478.672584,-0.469549,0.312723,-0.318950,0.090539,-0.090539,0.000000,0.000000,0.000000,0.000000,0.000000,-0.000019,0.000136
1702667639.674312,0.000000,0.000000,0.000000,0.061087,-0.029452,4.085161,0.000000,0.000000,0.000000,0.000019,-0.000039,-0.000078,1467.859477,1598.370435,1609.411690,1478.687090,-0.469549,0.312723,-0.318950,0.090539,-0.090539,0.000000,0.000000,0.000000,0.000000,0.000019,-0.000039,-0.000078
1702667639.687214,0.000000,0.000000,0.000000,0.061087,-0.029452,4.085161,0.000000,0.000000,0.000000,0.000019,-0.000039,0.000155,1467.877035,1598.352491,1609.429667,1478.669500,-0.469549,0.312723,-0.318950,0.090539,-0.090539,0.000000,0.000000,0.000000,0.000000,0.000019,-0.000039,0.000155
1702667639.694427,0.000000,0.000000,0.000000,0.061087,-0.029452,4.085161,0.000000,0.000000,0.000000,0.000039,0.000039,-0.000039,1467.868829,1598.369095,1609.408107,1478.682540,-0.469549,0.312723,-0.318950,0.090539,-0.090539,0.000000,0.000000,0.000000,0.000000,0.000039,0.000039,-0.000039
1702667639.707340,0.000000,0.000000,0.000000,0.061087,-0.029452,4.085161,0.000000,0.000000,0.000000,0.000000,-0.000019,0.000019,1467.868399,1598.361307,1609.417536,1478.681380,-0.469549,0.312723,-0.318950,0.090539,-0.090539,0.000000,0.000000,0.000000,0.000000,0.000000,-0.000019,0.000019
1702667639.717248,0.000000,0.000000,0.000000,0.061087,-0.029452,4.085161,0.000000,0.000000,0.000000,0.000039,0.000000,0.000039,1467.871469,1598.363114,1609.417389,1478.676676,-0.469549,0.312723,-0.318950,0.090539,-0.090539,0.000000,0.000000,0.000000,0.000000,0.000039,0.000000,0.000039
1702667639.727459,0.000000,0.000000,0.000000,0.061087,-0.029452,4.085161,0.000000,0.000000,0.000000,0.000000,0.000000,-0.000039,1467.865616,1598.365793,1609.411397,1478.685777,-0.469549,0.312723,-0.318950,0.090539,-0.090539,0.000000,0.000000,0.000000,0.000000,0.000000,0.000000,-0.000039
1702667639.737225,0.000000,0.000000,0.000000,0.061087,-0.029452,4.085161,0.000000,0.000000,0.000000,0.000000,-0.000019,0.000136,1467.877179,1598.352335,1609.426524,1478.672584,-0.469549,0.312723,-0.318950,0.090539,-0.090539,0.000000,0.000000,0.000000,0.000000,0.000000,-0.000019,0.000136
1702667639.744390,0.000000,0.000000,0.000000,0.061087,-0.029452,4.085161,0.000000,0.000000,0.000000,-0.000019,0.000019,-0.000116,1467.861370,1598.370123,1609.403760,1478.693260,-0.469549,0.312723,-0.318950,0.090539,-0.090539,0.000000,0.000000,0.000000,0.000000,-0.000019,0.000019,-0.000116
1702667639.754521,0.000000,0.000000,0.000000,0.061087,-0.029452,4.085161,0.000000,0.000000,0.000000,0.000039,0.000000,0.000136,1467.878785,1598.355637,1609.424879,1478.669347,-0.469549,0.312723,-0.318950,0.090539,-0.090539,0.000000,0.000000,0.000000,0.000000,0.000039,0.000000,0.000136
1702667639.764561,0.000000,0.000000,0.000000,0.061087,-0.029452,4.085161,0.000000,0.000000,0.000000,0.000039,0.000019,-0.000136,1467.859907,1598.376572,1609.402262,1478.689869,-0.469549,0.312723,-0.318950,0.090539,-0.090539,0.000000,0.000000,0.000000,0.000000,0.000039,0.000019,-0.000136
1702667639.774583,0.000000,0.000000,0.000000,0.061087,-0.029452,4.085161,0.000000,0.000000,0.000000,0.000000,0.000039,0.000116,1467.880535,1598.353830,1609.420092,1478.674050,-0.469549,0.312723,-0.318950,0.090539,-0.090539,0.000000,0.000000,0.000000,0.000000,0.000000,0.000039,0.000116
1702667639.787344,0.000000,0.000000,0.000000,0.061087,-0.029452,4.085161,0.000000,0.000000,0.000000,0.000039,0.000039,-0.000136,1467.861513,1598.376572,1609.400617,1478.689869,-0.469549,0.312723,-0.318950,0.090539,-0.090539,0.000000,0.000000,0.000000,0.000000,0.000039,0.000039,-0.000136
1702667639.794709,0.000000,0.000000,0.000000,0.061087,-0.029452,4.085161,0.000000,0.000000,0.000000,0.000000,-0.000078,0.000039,1467.865043,1598.359811,1609.423968,1478.679914,-0.469549,0.312723,-0.318950,0.090539,-0.090539,0.000000,0.000000,0.000000,0.000000,0.000000,-0.000078,0.000039
1702667639.804590,0.000000,0.000000,0.000000,0.061087,-0.029452,4.085161,0.000000,0.000000,0.000000,-0.000058,0.000039,0.000000,1467.871756,1598.357849,1609.411104,1478.687701,-0.469549,0.312723,-0.318950,0.090539,-0.090539,0.000000,0.000000,0.000000,0.000000,-0.000058,0.000039,0.000000
1702667639.814678,0.000000,0.000000,0.000000,0.061087,-0.029452,4.085161,0.000000,0.000000,0.000000,0.000000,0.000000,-0.000058,1467.864153,1598.367288,1609.409899,1478.687243,-0.469549,0.312723,-0.318950,0.090539,-0.090539,0.000000,0.000000,0.000000,0.000000,0.000000,0.000000,-0.000058
1702667639.824576,0.000000,0.000000,0.000000,0.061087,-0.029452,4.085161,0.000000,0.000000,0.000000,0.000000,0.000078,0.000097,1467.882285,1598.355325,1609.415304,1478.675516,-0.469549,0.312723,-0.318950,0.090539,-0.090539,0.000000,0.000000,0.000000,0.000000,0.000000,0.000078,0.000097
1702667639.837453,0.000000,0.000000,0.000000,0.061087,-0.029452,4.085161,0.000000,0.000000,0.000000,0.000058,0.000019,-0.000116,1467.861370,1598.376728,1609.403760,1478.686785,-0.469549,0.312723,-0.318950,0.090539,-0.090539,0.000000,0.000000,0.000000,0.000000,0.000058,0.000019,-0.000116
1702667639.844439,0.000000,0.000000,0.000000,0.061087,-0.029452,4.085161,0.000000,0.000000,0.000000,0.000019,0.000000,0.000097,1467.875859,1598.356977,1609.421883,1478.673897,-0.469549,0.312723,-0.318950,0.090539,-0.090539,0.000000,0.000000,0.000000,0.000000,0.000019,0.000000,0.000097
1702667639.854730,0.000000,0.000000,0.000000,0.061087,-0.029452,4.085161,0.000000,0.000000,0.000000,0.000000,0.000019,-0.000097,1467.862833,1598.370279,1609.405258,1478.690175,-0.469549,0.312723,-0.318950,0.090539,-0.090539,0.000000,0.000000,0.000000,0.000000,0.000000,0.000019,-0.000097
1702667639.864705,0.000000,0.000000,0.000000,0.061087,-0.029452,4.085161,0.000000,0.000000,0.000000,-0.000039,-0.000078,0.000078,1467.867969,1598.353518,1609.426964,1478.680219,-0.469549,0.312723,-0.318950,0.090539,-0.090539,0.000000,0.000000,0.000000,0.000000,-0.000039,-0.000078,0.000078
1702667639.874706,0.000000,0.000000,0.000000,0.061087,-0.029452,4.085161,0.000000,0.000000,0.000000,0.000000,-0.000019,-0.000078,1467.861083,1598.368784,1609.410045,1478.688709,-0.469549,0.312723,-0.318950,0.090539,-0.090539,0.000000,0.000000,0.000000,0.000000,0.000000,-0.000019,-0.000078
1702667639.887490,0.000000,0.000000,0.000000,0.061087,-0.029452,4.085161,0.000000,0.000000,0.000000,-0.000019,-0.000058,0.000136,1467.873966,1598.350683,1609.429813,1478.674203,-0.469549,0.312723,-0.318950,0.090539,-0.090539,0.000000,0.000000,0.000000,0.000000,-0.000019,-0.000058,0.000136
1702667639.901905,0.000000,0.000000,0.000000,0.061087,-0.029452,4.085161,0.000000,0.000000,0.000000,-0.000019,0.000039,-0.000019,1467.870292,1598.362646,1609.409605,1478.685930,-0.469549,0.312723,-0.318950,0.090539,-0.090539,0.000000,0.000000,0.000000,0.000000,-0.000019,0.000039,-0.000019
1702667639.907519,0.000000,0.000000,0.000000,0.061087,-0.029452,4.085161,0.000000,0.000000,0.000000,0.000000,-0.000039,0.000000,1467.865330,1598.362802,1609.417682,1478.682845,-0.469549,0.312723,-0.318950,0.090539,-0.090539,0.000000,0.000000,0.000000,0.000000,0.000000,-0.000039,0.000000
1702667639.914839,0.000000,0.000000,0.000000,0.061087,-0.029452,4.085161,0.000000,0.000000,0.000000,0.000019,0.000039,0.000019,1467.873219,1598.362958,1609.412602,1478.679761,-0.469549,0.312723,-0.318950,0.090539,-0.090539,0.000000,0.000000,0.000000,0.000000,0.000019,0.000039,0.000019
1702667639.924779,0.000000,0.000000,0.000000,0.061087,-0.029452,4.085161,0.000000,0.000000,0.000000,0.000019,-0.000039,-0.000019,1467.863866,1598.365949,1609.416184,1478.682693,-0.469549,0.312723,-0.318950,0.090539,-0.090539,0.000000,0.000000,0.000000,0.000000,0.000019,-0.000039,-0.000019
1702667639.941792,0.000000,0.000000,0.000000,0.061087,-0.029452,4.085161,0.000000,0.000000,0.000000,0.000000,0.000019,0.000097,1467.877465,1598.355325,1609.420238,1478.675516,-0.469549,0.312723,-0.318950,0.090539,-0.090539,0.000000,0.000000,0.000000,0.000000,0.000000,0.000019,0.000097
1702667639.947651,0.000000,0.000000,0.000000,0.061087,-0.029452,4.085161,0.000000,0.000000,0.000000,0.000039,0.000039,-0.000078,1467.865903,1598.372086,1609.405111,1478.685472,-0.469549,0.312723,-0.318950,0.090539,-0.090539,0.000000,0.000000,0.000000,0.000000,0.000039,0.000039,-0.000078
1702667639.962034,0.000000,0.000000,0.000000,0.061087,-0.029452,4.085161,0.000000,0.000000,0.000000,0.000000,0.000039,0.000058,1467.876145,1598.358316,1609.415598,1478.678448,-0.469549,0.312723,-0.318950,0.090539,-0.090539,0.000000,0.000000,0.000000,0.000000,0.000000,0.000039,0.000058
1702667639.967584,0.000000,0.000000,0.000000,0.061087,-0.029452,4.085161,0.000000,0.000000,0.000000,0.000019,-0.000039,-0.000097,1467.858013,1598.371930,1609.410192,1478.688556,-0.469549,0.312723,-0.318950,0.090539,-0.090539,0.000000,0.000000,0.000000,0.000000,0.000019,-0.000039,-0.000097
1702667639.974765,0.000000,0.000000,0.000000,0.061087,-0.029452,4.085161,0.000000,0.000000,0.000000,0.000000,-0.000019,0.000078,1467.872789,1598.356821,1609.422030,1478.676982,-0.469549,0.312723,-0.318950,0.090539,-0.090539,0.000000,0.000000,0.000000,0.000000,0.000000,-0.000019,0.000078
1702667639.987630,0.000000,0.000000,0.000000,0.061087,-0.029452,4.085161,0.000000,0.000000,0.000000,0.000019,0.000078,-0.000078,1467.869116,1598.370435,1609.401822,1478.687090,-0.469549,0.312723,-0.318950,0.090539,-0.090539,0.000000,0.000000,0.000000,0.000000,0.000019,0.000078,-0.000078
1702667639.994863,0.000000,0.000000,0.000000,0.061087,-0.029452,4.085161,0.000000,0.000000,0.000000,0.000000,-0.000039,0.000058,1467.869719,1598.358316,1609.422177,1478.678448,-0.469549,0.312723,-0.318950,0.090539,-0.090539,0.000000,0.000000,0.000000,0.000000,0.000000,-0.000039,0.000058
1702667640.004945,0.000000,0.000000,0.000000,0.061087,-0.029452,4.085161,0.000000,0.000000,0.000000,-0.000019,0.000078,-0.000039,1467.872042,1598.364142,1609.404818,1478.687396,-0.469549,0.312723,-0.318950,0.090539,-0.090539,0.000000,0.000000,0.000000,0.000000,-0.000019,0.000078,-0.000039
1702667640.015007,0.000000,0.000000,0.000000,0.061087,-0.029452,4.085161,0.000000,0.000000,0.000000,0.000058,-0.000019,0.000078,1467.872789,1598.361774,1609.422030,1478.672126,-0.469549,0.312723,-0.318950,0.090539,-0.090539,0.000000,0.000000,0.000000,0.000000,0.000058,-0.000019,0.000078
1702667640.024962,0.000000,0.000000,0.000000,0.061087,-0.029452,4.085161,0.000000,0.000000,0.000000,0.000000,0.000000,0.000039,1467.871469,1598.359811,1609.417389,1478.679914,-0.469549,0.312723,-0.318950,0.090539,-0.090539,0.000000,0.000000,0.000000,0.000000,0.000000,0.000000,0.000039
1702667640.037742,0.000000,0.000000,0.000000,0.061087,-0.029452,4.085161,0.000000,0.000000,0.000000,0.000000,0.000019,-0.000039,1467.867223,1598.365793,1609.409752,1478.685777,-0.469549,0.312723,-0.318950,0.090539,-0.090539,0.000000,0.000000,0.000000,0.000000,0.000000,0.000019,-0.000039
1702667640.047538,0.000000,0.000000,0.000000,0.061087,-0.029452,4.085161,0.000000,0.000000,0.000000,0.000000,-0.000039,0.000000,1467.865330,1598.362802,1609.417682,1478.682845,-0.469549,0.312723,-0.318950,0.090539,-0.090539,0.000000,0.000000,0.000000,0.000000,0.000000,-0.000039,0.000000
1702667640.057781,0.000000,0.000000,0.000000,0.061087,-0.029452,4.085161,0.000000,0.000000,0.000000,-0.000019,-0.000019,-0.000039,1467.864010,1598.364142,1609.413042,1478.687396,-0.469549,0.312723,-0.318950,0.090539,-0.090539,0.000000,0.000000,0.000000,0.000000,-0.000019,-0.000019,-0.000039
1702667640.064959,0.000000,0.000000,0.000000,0.061087,-0.029452,4.085161,0.000000,0.000000,0.000000,0.000000,-0.000039,0.000078,1467.871182,1598.356821,1609.423675,1478.676982,-0.469549,0.312723,-0.318950,0.090539,-0.090539,0.000000,0.000000,0.000000,0.000000,0.000000,-0.000039,0.000078
1702667640.074970,0.000000,0.000000,0.000000,0.061087,-0.029452,4.085161,0.000000,0.000000,0.000000,0.000019,0.000039,-0.000097,1467.864439,1598.371930,1609.403613,1478.688556,-0.469549,0.312723,-0.318950,0.090539,-0.090539,0.000000,0.000000,0.000000,0.000000,0.000019,0.000039,-0.000097
1702667640.087811,0.000000,0.000000,0.000000,0.061087,-0.029452,4.085161,0.000000,0.000000,0.000000,0.000000,-0.000078,0.000116,1467.870896,1598.353830,1609.429960,1478.674050,-0.469549,0.312723,-0.318950,0.090539,-0.090539,0.000000,0.000000,0.000000,0.000000,0.000000,-0.000078,0.000116
1702667640.095028,0.000000,0.000000,0.000000,0.061087,-0.029452,4.085161,0.000000,0.000000,0.000000,-0.000019,0.000019,-0.000136,1467.859907,1598.371618,1609.402262,1478.694725,-0.469549,0.312723,-0.318950,0.090539,-0.090539,0.000000,0.000000,0.000000,0.000000,-0.000019,0.000019,-0.000136
1702667640.105107,0.000000,0.000000,0.000000,0.061087,-0.029452,4.085161,0.000000,0.000000,0.000000,-0.000019,-0.000058,0.000078,1467.869576,1598.355170,1609.425319,1478.678600,-0.469549,0.312723,-0.318950,0.090539,-0.090539,0.000000,0.000000,0.000000,0.000000,-0.000019,-0.000058,0.000078
1702667640.115119,0.000000,0.000000,0.000000,0.061087,-0.029452,4.085161,0.000000,0.000000,0.000000,0.000000,0.000019,-0.000058,1467.865759,1598.367288,1609.408254,1478.687243,-0.469549,0.312723,-0.318950,0.090539,-0.090539,0.000000,0.000000,0.000000,0.000000,0.000000,0.000019,-0.000058
1702667640.125096,0.000000,0.000000,0.000000,0.061087,-0.029452,4.085161,0.000000,0.000000,0.000000,0.000019,0.000019,0.000039,1467.873075,1598.361463,1609.415744,1478.678295,-0.469549,0.312723,-0.318950,0.090539,-0.090539,0.000000,0.000000,0.000000,0.000000,0.000019,0.000019,0.000039
1702667640.142042,0.000000,0.000000,0.000000,0.061087,-0.029452,4.085161,0.000000,0.000000,0.000000,-0.000019,0.000039,0.000000,1467.871756,1598.361151,1609.411104,1478.684464,-0.469549,0.312723,-0.318950,0.090539,-0.090539,0.000000,0.000000,0.000000,0.000000,-0.000019,0.000039,0.000000
1702667640.147888,0.000000,0.000000,0.000000,0.061087,-0.029452,4.085161,0.000000,0.000000,0.000000,0.000058,-0.000019,-0.000078,1467.861083,1598.373737,1609.410045,1478.683853,-0.469549,0.312723,-0.318950,0.090539,-0.090539,0.000000,0.000000,0.000000,0.000000,0.000058,-0.000019,-0.000078
1702667640.155159,0.000000,0.000000,0.000000,0.061087,-0.029452,4.085161,0.000000,0.000000,0.000000,0.000019,-0.000019,0.000058,1467.871326,1598.359967,1609.420532,1478.676829,-0.469549,0.312723,-0.318950,0.090539,-0.090539,0.000000,0.000000,0.000000,0.000000,0.000019,-0.000019,0.000058
1702667640.163633,0.000000,0.000000,0.000000,0.061087,-0.029452,4.085161,0.000000,0.000000,0.000000,0.000039,-0.000039,-0.000097,1467.858013,1598.373581,1609.410192,1478.686938,-0.469549,0.312723,-0.318950,0.090539,-0.090539,0.000000,0.000000,0.000000,0.000000,0.000039,-0.000039,-0.000097
1702667640.173721,0.000000,0.000000,0.000000,0.061087,-0.029452,4.085161,0.000000,0.000000,0.000000,0.000039,-0.000078,0.000155,1467.873822,1598.354142,1609.432956,1478.667881,-0.469549,0.312723,-0.318950,0.090539,-0.090539,0.000000,0.000000,0.000000,0.000000,0.000039,-0.000078,0.000155
1702667640.187936,0.000000,0.000000,0.000000,0.061087,-0.029452,4.085161,0.000000,0.000000,0.000000,0.000019,0.000019,-0.000116,1467.861370,1598.373425,1609.403760,1478.690022,-0.469549,0.312723,-0.318950,0.090539,-0.090539,0.000000,0.000000,0.000000,0.000000,0.000019,0.000019,-0.000116
1702667640.197689,0.000000,0.000000,0.000000,0.061087,-0.029452,4.085161,0.000000,0.000000,0.000000,-0.000039,0.000019,0.000136,1467.880392,1598.349032,1609.423235,1478.675821,-0.469549,0.312723,-0.318950,0.090539,-0.090539,0.000000,0.000000,0.000000,0.000000,-0.000039,0.000019,0.000136
1702667640.205202,0.000000,0.000000,0.000000,0.061087,-0.029452,4.085161,0.000000,0.000000,0.000000,-0.000019,0.000000,-0.000078,1467.862690,1598.367132,1609.408401,1478.690328,-0.469549,0.312723,-0.318950,0.090539,-0.090539,0.000000,0.000000,0.000000,0.000000,-0.000019,0.000000,-0.000078
1702667640.215817,0.000000,0.000000,0.000000,0.061087,-0.029452,4.085161,0.000000,0.000000,0.000000,0.000019,-0.000058,0.000058,1467.868113,1598.359967,1609.423821,1478.676829,-0.469549,0.312723,-0.318950,0.090539,-0.090539,0.000000,0.000000,0.000000,0.000000,0.000019,-0.000058,0.000058
1702667640.226853,0.000000,0.000000,0.000000,0.061087,-0.029452,4.085161,0.000000,0.000000,0.000000,0.000039,0.000000,0.000000,1467.868543,1598.366105,1609.414393,1478.679608,-0.469549,0.312723,-0.318950,0.090539,-0.090539,0.000000,0.000000,0.000000,0.000000,0.000039,0.000000,0.000000
1702667640.238001,0.000000,0.000000,0.000000,0.061087,-0.029452,4.085161,0.000000,0.000000,0.000000,-0.000058,0.000058,-0.000019,1467.871899,1598.359344,1609.407961,1478.689167,-0.469549,0.312723,-0.318950,0.090539,-0.090539,0.000000,0.000000,0.000000,0.000000,-0.000058,0.000058,-0.000019
1702667640.245023,0.000000,0.000000,0.000000,0.061087,-0.029452,4.085161,0.000000,0.000000,0.000000,0.000019,0.000000,0.000097,1467.875859,1598.356977,1609.421883,1478.673897,-0.469549,0.312723,-0.318950,0.090539,-0.090539,0.000000,0.000000,0.000000,0.000000,0.000019,0.000000,0.000097
1702667640.255533,0.000000,0.000000,0.000000,0.061087,-0.029452,4.085161,0.000000,0.000000,0.000000,0.000019,0.000019,-0.000097,1467.862833,1598.371930,1609.405258,1478.688556,-0.469549,0.312723,-0.318950,0.090539,-0.090539,0.000000,0.000000,0.000000,0.000000,0.000019,0.000019,-0.000097
1702667640.265279,0.000000,0.000000,0.000000,0.061087,-0.029452,4.085161,0.000000,0.000000,0.000000,0.000019,0.000000,0.000155,1467.880248,1598.352491,1609.426377,1478.669500,-0.469549,0.312723,-0.318950,0.090539,-0.090539,0.000000,0.000000,0.000000,0.000000,0.000019,0.000000,0.000155
1702667640.275331,0.000000,0.000000,0.000000,0.061087,-0.029452,4.085161,0.000000,0.000000,0.000000,0.000000,0.000019,-0.000155,1467.858443,1598.374765,1609.400764,1478.694573,-0.469549,0.312723,-0.318950,0.090539,-0.090539,0.000000,0.000000,0.000000,0.000000,0.000000,0.000019,-0.000155
1702667640.288064,0.000000,0.000000,0.000000,0.061087,-0.029452,4.085161,0.000000,0.000000,0.000000,0.000019,-0.000058,0.000175,1467.876892,1598.350995,1609.432810,1478.668034,-0.469549,0.312723,-0.318950,0.090539,-0.090539,0.000000,0.000000,0.000000,0.000000,0.000019,-0.000058,0.000175
1702667640.295230,0.000000,0.000000,0.000000,0.061087,-0.029452,4.085161,0.000000,0.000000,0.000000,0.000000,0.000000,-0.000155,1467.856837,1598.374765,1609.402409,1478.694573,-0.469549,0.312723,-0.318950,0.090539,-0.090539,0.000000,0.000000,0.000000,0.000000,0.000000,0.000000,-0.000155
1702667640.305372,0.000000,0.000000,0.000000,0.061087,-0.029452,4.085161,0.000000,0.000000,0.000000,0.000039,0.000000,0.000078,1467.874395,1598.360123,1609.420385,1478.673744,-0.469549,0.312723,-0.318950,0.090539,-0.090539,0.000000,0.000000,0.000000,0.000000,0.000039,0.000000,0.000078
1702667640.315375,0.000000,0.000000,0.000000,0.061087,-0.029452,4.085161,0.000000,0.000000,0.000000,0.000000,0.000019,-0.000019,1467.868686,1598.364297,1609.411250,1478.684311,-0.469549,0.312723,-0.318950,0.090539,-0.090539,0.000000,0.000000,0.000000,0.000000,0.000000,0.000019,-0.000019
1702667640.325323,0.000000,0.000000,0.000000,0.061087,-0.029452,4.085161,0.000000,0.000000,0.000000,0.000000,0.000039,-0.000019,1467.870292,1598.364297,1609.409605,1478.684311,-0.469549,0.312723,-0.318950,0.090539,-0.090539,0.000000,0.000000,0.000000,0.000000,0.000000,0.000039,-0.000019
1702667640.338161,0.000000,0.000000,0.000000,0.061087,-0.029452,4.085161,0.000000,0.000000,0.000000,0.000039,-0.000019,0.000078,1467.872789,1598.360123,1609.422030,1478.673744,-0.469549,0.312723,-0.318950,0.090539,-0.090539,0.000000,0.000000,0.000000,0.000000,0.000039,-0.000019,0.000078
1702667640.345073,0.000000,0.000000,0.000000,0.061087,-0.029452,4.085161,0.000000,0.000000,0.000000,0.000000,0.000058,-0.000039,1467.870436,1598.365793,1609.406463,1478.685777,-0.469549,0.312723,-0.318950,0.090539,-0.090539,0.000000,0.000000,0.000000,0.000000,0.000000,0.000058,-0.000039
1702667640.356797,0.000000,0.000000,0.000000,0.061087,-0.029452,4.085161,0.000000,0.000000,0.000000,0.000019,0.000039,0.000078,1467.877608,1598.358472,1609.417096,1478.675363,-0.469549,0.312723,-0.318950,0.090539,-0.090539,0.000000,0.000000,0.000000,0.000000,0.000019,0.000039,0.000078
1702667640.365490,0.000000,0.000000,0.000000,0.061087,-0.029452,4.085161,0.000000,0.000000,0.000000,-0.000019,0.000019,-0.000058,1467.865759,1598.365637,1609.408254,1478.688862,-0.469549,0.312723,-0.318950,0.090539,-0.090539,0.000000,0.000000,0.000000,0.000000,-0.000019,0.000019,-0.000058
1702667640.375439,0.000000,0.000000,0.000000,0.061087,-0.029452,4.085161,0.000000,0.000000,0.000000,0.000000,-0.000019,0.000194,1467.881568,1598.347849,1609.431018,1478.668186,-0.469549,0.312723,-0.318950,0.090539,-0.090539,0.000000,0.000000,0.000000,0.000000,0.000000,-0.000019,0.000194
1702667640.387866,0.000000,0.000000,0.000000,0.061087,-0.029452,4.085161,0.000000,0.000000,0.000000,0.000019,0.000000,-0.000116,1467.859763,1598.373425,1609.405405,1478.690022,-0.469549,0.312723,-0.318950,0.090539,-0.090539,0.000000,0.000000,0.000000,0.000000,0.000019,0.000000,-0.000116
1702667640.395371,0.000000,0.000000,0.000000,0.061087,-0.029452,4.085161,0.000000,0.000000,0.000000,0.000000,-0.000078,0.000136,1467.872359,1598.352335,1609.431458,1478.672584,-0.469549,0.312723,-0.318950,0.090539,-0.090539,0.000000,0.000000,0.000000,0.000000,0.000000,-0.000078,0.000136
1702667640.405518,0.000000,0.000000,0.000000,0.061087,-0.029452,4.085161,0.000000,0.000000,0.000000,0.000000,0.000000,-0.000078,1467.862690,1598.368784,1609.408401,1478.688709,-0.469549,0.312723,-0.318950,0.090539,-0.090539,0.000000,0.000000,0.000000,0.000000,0.000000,0.000000,-0.000078
1702667640.415505,0.000000,0.000000,0.000000,0.061087,-0.029452,4.085161,0.000000,0.000000,0.000000,0.000000,0.000000,0.000039,1467.871469,1598.359811,1609.417389,1478.679914,-0.469549,0.312723,-0.318950,0.090539,-0.090539,0.000000,0.000000,0.000000,0.000000,0.000000,0.000000,0.000039
1702667640.425585,0.000000,0.000000,0.000000,0.061087,-0.029452,4.085161,0.000000,0.000000,0.000000,0.000000,0.000039,-0.000019,1467.870292,1598.364297,1609.409605,1478.684311,-0.469549,0.312723,-0.318950,0.090539,-0.090539,0.000000,0.000000,0.000000,0.000000,0.000000,0.000039,-0.000019
1702667640.442425,0.000000,0.000000,0.000000,0.061087,-0.029452,4.085161,0.000000,0.000000,0.000000,0.000019,0.000039,-0.000039,1467.868829,1598.367444,1609.408107,1478.684159,-0.469549,0.312723,-0.318950,0.090539,-0.090539,0.000000,0.000000,0.000000,0.000000,0.000019,0.000039,-0.000039
1702667640.448224,0.000000,0.000000,0.000000,0.061087,-0.029452,4.085161,0.000000,0.000000,0.000000,0.000039,-0.000039,0.000039,1467.868256,1598.363114,1609.420678,1478.676676,-0.469549,0.312723,-0.318950,0.090539,-0.090539,0.000000,0.000000,0.000000,0.000000,0.000039,-0.000039,0.000039
1702667640.455591,0.000000,0.000000,0.000000,0.061087,-0.029452,4.085161,0.000000,0.000000,0.000000,-0.000019,0.000039,-0.000058,1467.867366,1598.365637,1609.406609,1478.688862,-0.469549,0.312723,-0.318950,0.090539,-0.090539,0.000000,0.000000,0.000000,0.000000,-0.000019,0.000039,-0.000058
1702667640.465916,0.000000,0.000000,0.000000,0.061087,-0.029452,4.085161,0.000000,0.000000,0.000000,-0.000019,-0.000058,0.000039,1467.866650,1598.358160,1609.422323,1478.681532,-0.469549,0.312723,-0.318950,0.090539,-0.090539,0.000000,0.000000,0.000000,0.000000,-0.000019,-0.000058,0.000039
1702667640.475620,0.000000,0.000000,0.000000,0.061087,-0.029452,4.085161,0.000000,0.000000,0.000000,0.000019,-0.000039,-0.000078,1467.859477,1598.370435,1609.411690,1478.687090,-0.469549,0.312723,-0.318950,0.090539,-0.090539,0.000000,0.000000,0.000000,0.000000,0.000019,-0.000039,-0.000078
1702667640.488290,0.000000,0.000000,0.000000,0.061087,-0.029452,4.085161,0.000000,0.000000,0.000000,-0.000019,0.000078,0.000097,1467.882285,1598.353674,1609.415304,1478.677135,-0.469549,0.312723,-0.318950,0.090539,-0.090539,0.000000,0.000000,0.000000,0.000000,-0.000019,0.000078,0.000097
1702667640.495670,0.000000,0.000000,0.000000,0.061087,-0.029452,4.085161,0.000000,0.000000,0.000000,0.000019,0.000058,-0.000116,1467.864583,1598.373425,1609.400471,1478.690022,-0.469549,0.312723,-0.318950,0.090539,-0.090539,0.000000,0.000000,0.000000,0.000000,0.000019,0.000058,-0.000116
1702667640.505645,0.000000,0.000000,0.000000,0.061087,-0.029452,4.085161,0.000000,0.000000,0.000000,0.000000,0.000019,0.000078,1467.876002,1598.356821,1609.418740,1478.676982,-0.469549,0.312723,-0.318950,0.090539,-0.090539,0.000000,0.000000,0.000000,0.000000,0.000000,0.000019,0.000078
1702667640.515633,0.000000,0.000000,0.000000,0.061087,-0.029452,4.085161,0.000000,0.000000,0.000000,0.000000,0.000019,-0.000058,1467.865759,1598.367288,1609.408254,1478.687243,-0.469549,0.312723,-0.318950,0.090539,-0.090539,0.000000,0.000000,0.000000,0.000000,0.000000,0.000019,-0.000058
1702667640.525575,0.000000,0.000000,0.000000,0.061087,-0.029452,4.085161,0.000000,0.000000,0.000000,0.000019,-0.000058,0.000078,1467.869576,1598.358472,1609.425319,1478.675363,-0.469549,0.312723,-0.318950,0.090539,-0.090539,0.000000,0.000000,0.000000,0.000000,0.000019,-0.000058,0.000078
1702667640.538391,0.000000,0.000000,0.000000,0.061087,-0.029452,4.085161,0.000000,0.000000,0.000000,0.000000,0.000058,-0.000039,1467.870436,1598.365793,1609.406463,1478.685777,-0.469549,0.312723,-0.318950,0.090539,-0.090539,0.000000,0.000000,0.000000,0.000000,0.000000,0.000058,-0.000039
1702667640.545537,0.000000,0.000000,0.000000,0.061087,-0.029452,4.085161,0.000000,0.000000,0.000000,0.000019,0.000000,0.000058,1467.872932,1598.359967,1609.418887,1478.676829,-0.469549,0.312723,-0.318950,0.090539,-0.090539,0.000000,0.000000,0.000000,0.000000,0.000019,0.000000,0.000058
1702667640.555782,0.000000,0.000000,0.000000,0.061087,-0.029452,4.085161,0.000000,0.000000,0.000000,0.000058,-0.000058,0.000039,1467.866650,1598.364765,1609.422323,1478.675058,-0.469549,0.312723,-0.318950,0.090539,-0.090539,0.000000,0.000000,0.000000,0.000000,0.000058,-0.000058,0.000039
1702667640.565738,0.000000,0.000000,0.000000,0.061087,-0.029452,4.085161,0.000000,0.000000,0.000000,0.000019,-0.000058,-0.000019,1467.862260,1598.365949,1609.417829,1478.682693,-0.469549,0.312723,-0.318950,0.090539,-0.090539,0.000000,0.000000,0.000000,0.000000,0.000019,-0.000058,-0.000019
1702667640.575775,0.000000,0.000000,0.000000,0.061087,-0.029452,4.085161,0.000000,0.000000,0.000000,0.000000,0.000078,0.000078,1467.880821,1598.356821,1609.413806,1478.676982,-0.469549,0.312723,-0.318950,0.090539,-0.090539,0.000000,0.000000,0.000000,0.000000,0.000000,0.000078,0.000078
1702667640.586911,0.000000,0.000000,0.000000,0.061087,-0.029452,4.085161,0.000000,0.000000,0.000000,-0.000019,0.000000,-0.000097,1467.861226,1598.368628,1609.406903,1478.691794,-0.469549,0.312723,-0.318950,0.090539,-0.090539,0.000000,0.000000,0.000000,0.000000,-0.000019,0.000000,-0.000097
1702667640.595785,0.000000,0.000000,0.000000,0.061087,-0.029452,4.085161,0.000000,0.000000,0.000000,0.000019,0.000039,0.000116,1467.880535,1598.355481,1609.420092,1478.672431,-0.469549,0.312723,-0.318950,0.090539,-0.090539,0.000000,0.000000,0.000000,0.000000,0.000019,0.000039,0.000116
1702667640.605755,0.000000,0.000000,0.000000,0.061087,-0.029452,4.085161,0.000000,0.000000,0.000000,0.000039,0.000097,-0.000136,1467.866332,1598.376572,1609.395683,1478.689869,-0.469549,0.312723,-0.318950,0.090539,-0.090539,0.000000,0.000000,0.000000,0.000000,0.000039,0.000097,-0.000136
1702667640.615810,0.000000,0.000000,0.000000,0.061087,-0.029452,4.085161,0.000000,0.000000,0.000000,-0.000019,0.000039,0.000097,1467.879072,1598.353674,1609.418594,1478.677135,-0.469549,0.312723,-0.318950,0.090539,-0.090539,0.000000,0.000000,0.000000,0.000000,-0.000019,0.000039,0.000097
1702667640.624394,0.000000,0.000000,0.000000,0.061087,-0.029452,4.085161,0.000000,0.000000,0.000000,0.000000,-0.000039,-0.000058,1467.860940,1598.367288,1609.413188,1478.687243,-0.469549,0.312723,-0.318950,0.090539,-0.090539,0.000000,0.000000,0.000000,0.000000,0.000000,-0.000039,-0.000058
1702667640.636986,0.000000,0.000000,0.000000,0.061087,-0.029452,4.085161,0.000000,0.000000,0.000000,0.000039,-0.000039,0.000039,1467.868256,1598.363114,1609.420678,1478.676676,-0.469549,0.312723,-0.318950,0.090539,-0.090539,0.000000,0.000000,0.000000,0.000000,0.000039,-0.000039,0.000039
1702667640.645614,0.000000,0.000000,0.000000,0.061087,-0.029452,4.085161,0.000000,0.000000,0.000000,0.000039,0.000039,-0.000039,1467.868829,1598.369095,1609.408107,1478.682540,-0.469549,0.312723,-0.318950,0.090539,-0.090539,0.000000,0.000000,0.000000,0.000000,0.000039,0.000039,-0.000039
1702667640.654500,0.000000,0.000000,0.000000,0.061087,-0.029452,4.085161,0.000000,0.000000,0.000000,0.000019,0.000019,0.000000,1467.870149,1598.364453,1609.412748,1478.681227,-0.469549,0.312723,-0.318950,0.090539,-0.090539,0.000000,0.000000,0.000000,0.000000,0.000019,0.000019,0.000000
1702667640.664453,0.000000,0.000000,0.000000,0.061087,-0.029452,4.085161,0.000000,0.000000,0.000000,0.000039,-0.000019,0.000039,1467.869862,1598.363114,1609.419034,1478.676676,-0.469549,0.312723,-0.318950,0.090539,-0.090539,0.000000,0.000000,0.000000,0.000000,0.000039,-0.000019,0.000039
1702667640.674480,0.000000,0.000000,0.000000,0.061087,-0.029452,4.085161,0.000000,0.000000,0.000000,0.000019,0.000019,-0.000058,1467.865759,1598.368939,1609.408254,1478.685624,-0.469549,0.312723,-0.318950,0.090539,-0.090539,0.000000,0.000000,0.000000,0.000000,0.000019,0.000019,-0.000058
1702667640.687003,0.000000,0.000000,0.000000,0.061087,-0.029452,4.085161,0.000000,0.000000,0.000000,-0.000019,-0.000078,0.000097,1467.869433,1598.353674,1609.428462,1478.677135,-0.469549,0.312723,-0.318950,0.090539,-0.090539,0.000000,0.000000,0.000000,0.000000,-0.000019,-0.000078,0.000097
1702667640.695950,0.000000,0.000000,0.000000,0.061087,-0.029452,4.085161,0.000000,0.000000,0.000000,0.000000,0.000000,-0.000155,1467.856837,1598.374765,1609.402409,1478.694573,-0.469549,0.312723,-0.318950,0.090539,-0.090539,0.000000,0.000000,0.000000,0.000000,0.000000,0.000000,-0.000155
1702667640.705981,0.000000,0.000000,0.000000,0.061087,-0.029452,4.085161,0.000000,0.000000,0.000000,0.000000,0.000000,0.000175,1467.881712,1598.349344,1609.427875,1478.669652,-0.469549,0.312723,-0.318950,0.090539,-0.090539,0.000000,0.000000,0.000000,0.000000,0.000000,0.000000,0.000175
1702667640.716028,0.000000,0.000000,0.000000,0.061087,-0.029452,4.085161,0.000000,0.000000,0.000000,0.000000,0.000019,-0.000116,1467.861370,1598.371774,1609.403760,1478.691641,-0.469549,0.312723,-0.318950,0.090539,-0.090539,0.000000,0.000000,0.000000,0.000000,0.000000,0.000019,-0.000116
1702667640.724411,0.000000,0.000000,0.000000,0.061087,-0.029452,4.085161,0.000000,0.000000,0.000000,0.000019,-0.000039,0.000136,1467.875572,1598.353986,1609.428169,1478.670965,-0.469549,0.312723,-0.318950,0.090539,-0.090539,0.000000,0.000000,0.000000,0.000000,0.000019,-0.000039,0.000136
1702667640.738676,0.000000,0.000000,0.000000,0.061087,-0.029452,4.085161,0.000000,0.000000,0.000000,0.000000,0.000039,-0.000097,1467.864439,1598.370279,1609.403613,1478.690175,-0.469549,0.312723,-0.318950,0.090539,-0.090539,0.000000,0.000000,0.000000,0.000000,0.000000,0.000039,-0.000097
1702667640.745780,0.000000,0.000000,0.000000,0.061087,-0.029452,4.085161,0.000000,0.000000,0.000000,0.000019,-0.000078,0.000039,1467.865043,1598.361463,1609.423968,1478.678295,-0.469549,0.312723,-0.318950,0.090539,-0.090539,0.000000,0.000000,0.000000,0.000000,0.000019,-0.000078,0.000039
1702667640.756001,0.000000,0.000000,0.000000,0.061087,-0.029452,4.085161,0.000000,0.000000,0.000000,-0.000019,0.000019,0.000000,1467.870149,1598.361151,1609.412748,1478.684464,-0.469549,0.312723,-0.318950,0.090539,-0.090539,0.000000,0.000000,0.000000,0.000000,-0.000019,0.000019,0.000000
1702667640.765956,0.000000,0.000000,0.000000,0.061087,-0.029452,4.085161,0.000000,0.000000,0.000000,-0.000019,-0.000019,-0.000039,1467.864010,1598.364142,1609.413042,1478.687396,-0.469549,0.312723,-0.318950,0.090539,-0.090539,0.000000,0.000000,0.000000,0.000000,-0.000019,-0.000019,-0.000039
1702667640.776040,0.000000,0.000000,0.000000,0.061087,-0.029452,4.085161,0.000000,0.000000,0.000000,-0.000019,-0.000019,0.000078,1467.872789,1598.355170,1609.422030,1478.678600,-0.469549,0.312723,-0.318950,0.090539,-0.090539,0.000000,0.000000,0.000000,0.000000,-0.000019,-0.000019,0.000078
1702667640.788785,0.000000,0.000000,0.000000,0.061087,-0.029452,4.085161,0.000000,0.000000,0.000000,0.000019,0.000019,-0.000155,1467.858443,1598.376416,1609.400764,1478.692954,-0.469549,0.312723,-0.318950,0.090539,-0.090539,0.000000,0.000000,0.000000,0.000000,0.000019,0.000019,-0.000155
1702667640.796033,0.000000,0.000000,0.000000,0.061087,-0.029452,4.085161,0.000000,0.000000,0.000000,-0.000019,0.000019,0.000175,1467.883318,1598.347693,1609.426231,1478.671271,-0.469549,0.312723,-0.318950,0.090539,-0.090539,0.000000,0.000000,0.000000,0.000000,-0.000019,0.000019,0.000175
1702667640.806079,0.000000,0.000000,0.000000,0.061087,-0.029452,4.085161,0.000000,0.000000,0.000000,0.000039,-0.000019,-0.000155,1467.855230,1598.378067,1609.404053,1478.691335,-0.469549,0.312723,-0.318950,0.090539,-0.090539,0.000000,0.000000,0.000000,0.000000,0.000039,-0.000019,-0.000155
1702667640.816040,0.000000,0.000000,0.000000,0.061087,-0.029452,4.085161,0.000000,0.000000,0.000000,0.000019,-0.000039,0.000155,1467.877035,1598.352491,1609.429667,1478.669500,-0.469549,0.312723,-0.318950,0.090539,-0.090539,0.000000,0.000000,0.000000,0.000000,0.000019,-0.000039,0.000155
1702667640.826169,0.000000,0.000000,0.000000,0.061087,-0.029452,4.085161,0.000000,0.000000,0.000000,0.000058,-0.000019,-0.000058,1467.862546,1598.372242,1609.411544,1478.682387,-0.469549,0.312723,-0.318950,0.090539,-0.090539,0.000000,0.000000,0.000000,0.000000,0.000058,-0.000019,-0.000058
1702667640.838873,0.000000,0.000000,0.000000,0.061087,-0.029452,4.085161,0.000000,0.000000,0.000000,0.000000,-0.000058,0.000097,1467.871039,1598.355325,1609.426817,1478.675516,-0.469549,0.312723,-0.318950,0.090539,-0.090539,0.000000,0.000000,0.000000,0.000000,0.000000,-0.000058,0.000097
1702667640.845968,0.000000,0.000000,0.000000,0.061087,-0.029452,4.085161,0.000000,0.000000,0.000000,0.000039,0.000000,-0.000019,1467.867079,1598.367600,1609.412895,1478.681074,-0.469549,0.312723,-0.318950,0.090539,-0.090539,0.000000,0.000000,0.000000,0.000000,0.000039,0.000000,-0.000019
1702667640.856169,0.000000,0.000000,0.000000,0.061087,-0.029452,4.085161,0.000000,0.000000,0.000000,0.000000,0.000019,-0.000019,1467.868686,1598.364297,1609.411250,1478.684311,-0.469549,0.312723,-0.318950,0.090539,-0.090539,0.000000,0.000000,0.000000,0.000000,0.000000,0.000019,-0.000019
1702667640.866112,0.000000,0.000000,0.000000,0.061087,-0.029452,4.085161,0.000000,0.000000,0.000000,0.000000,0.000019,0.000039,1467.873075,1598.359811,1609.415744,1478.679914,-0.469549,0.312723,-0.318950,0.090539,-0.090539,0.000000,0.000000,0.000000,0.000000,0.000000,0.000019,0.000039
1702667640.874747,0.000000,0.000000,0.000000,0.061087,-0.029452,4.085161,0.000000,0.000000,0.000000,0.000019,0.000039,-0.000039,1467.868829,1598.367444,1609.408107,1478.684159,-0.469549,0.312723,-0.318950,0.090539,-0.090539,0.000000,0.000000,0.000000,0.000000,0.000019,0.000039,-0.000039
1702667640.887181,0.000000,0.000000,0.000000,0.061087,-0.029452,4.085161,0.000000,0.000000,0.000000,0.000019,0.000019,0.000097,1467.877465,1598.356977,1609.420238,1478.673897,-0.469549,0.312723,-0.318950,0.090539,-0.090539,0.000000,0.000000,0.000000,0.000000,0.000019,0.000019,0.000097
1702667640.896259,0.000000,0.000000,0.000000,0.061087,-0.029452,4.085161,0.000000,0.000000,0.000000,0.000019,0.000019,-0.000116,1467.861370,1598.373425,1609.403760,1478.690022,-0.469549,0.312723,-0.318950,0.090539,-0.090539,0.000000,0.000000,0.000000,0.000000,0.000019,0.000019,-0.000116
1702667640.906237,0.000000,0.000000,0.000000,0.061087,-0.029452,4.085161,0.000000,0.000000,0.000000,0.000019,-0.000039,0.000097,1467.872646,1598.356977,1609.425173,1478.673897,-0.469549,0.312723,-0.318950,0.090539,-0.090539,0.000000,0.000000,0.000000,0.000000,0.000019,-0.000039,0.000097
1702667640.924757,0.000000,0.000000,0.000000,0.061087,-0.029452,4.085161,0.000000,0.000000,0.000000,0.000039,-0.000058,0.000097,1467.871039,1598.358628,1609.426817,1478.672279,-0.469549,0.312723,-0.318950,0.090539,-0.090539,0.000000,0.000000,0.000000,0.000000,0.000039,-0.000058,0.000097
1702667640.936403,0.000000,0.000000,0.000000,0.061087,-0.029452,4.085161,0.000000,0.000000,0.000000,0.000039,-0.000058,0.000097,1467.871039,1598.358628,1609.426817,1478.672279,-0.469549,0.312723,-0.318950,0.090539,-0.090539,0.000000,0.000000,0.000000,0.000000,0.000039,-0.000058,0.000097
1702667640.944586,0.000000,0.000000,0.000000,0.061087,-0.029452,4.085161,0.000000,0.000000,0.000000,-0.000019,0.000000,0.000039,1467.871469,1598.358160,1609.417389,1478.681532,-0.469549,0.312723,-0.318950,0.090539,-0.090539,0.000000,0.000000,0.000000,0.000000,-0.000019,0.000000,0.000039
1702667640.953414,0.000000,0.000000,0.000000,0.061087,-0.029452,4.085161,0.000000,0.000000,0.000000,-0.000019,0.000000,0.000039,1467.871469,1598.358160,1609.417389,1478.681532,-0.469549,0.312723,-0.318950,0.090539,-0.090539,0.000000,0.000000,0.000000,0.000000,-0.000019,0.000000,0.000039
1702667640.959239,0.000000,0.000000,0.000000,0.061087,-0.029452,4.085161,0.000000,0.000000,0.000000,0.000019,0.000000,-0.000058,1467.864153,1598.368939,1609.409899,1478.685624,-0.469549,0.312723,-0.318950,0.090539,-0.090539,0.000000,0.000000,0.000000,0.000000,0.000019,0.000000,-0.000058
1702667640.966235,0.000000,0.000000,0.000000,0.061087,-0.029452,4.085161,0.000000,0.000000,0.000000,-0.000019,0.000058,-0.000019,1467.871899,1598.362646,1609.407961,1478.685930,-0.469549,0.312723,-0.318950,0.090539,-0.090539,0.000000,0.000000,0.000000,0.000000,-0.000019,0.000058,-0.000019
1702667640.974830,0.000000,0.000000,0.000000,0.061087,-0.029452,4.085161,0.000000,0.000000,0.000000,0.000039,0.000058,0.000000,1467.873362,1598.366105,1609.409459,1478.679608,-0.469549,0.312723,-0.318950,0.090539,-0.090539,0.000000,0.000000,0.000000,0.000000,0.000039,0.000058,0.000000
1702667640.986094,0.000000,0.000000,0.000000,0.061087,-0.029452,4.085161,0.000000,0.000000,0.000000,0.000039,0.000058,0.000000,1467.873362,1598.366105,1609.409459,1478.679608,-0.469549,0.312723,-0.318950,0.090539,-0.090539,0.000000,0.000000,0.000000,0.000000,0.000039,0.000058,0.000000
1702667640.994922,0.000000,0.000000,0.000000,0.061087,-0.029452,4.085161,0.000000,0.000000,0.000000,0.000019,0.000000,0.000116,1467.877322,1598.355481,1609.423381,1478.672431,-0.469549,0.312723,-0.318950,0.090539,-0.090539,0.000000,0.000000,0.000000,0.000000,0.000019,0.000000,0.000116
1702667641.013559,0.000000,0.000000,0.000000,0.061087,-0.029452,4.085161,0.000000,0.000000,0.000000,-0.000019,0.000116,-0.000136,1467.867939,1598.371618,1609.394038,1478.694725,-0.469549,0.312723,-0.318950,0.090539,-0.090539,0.000000,0.000000,0.000000,0.000000,-0.000019,0.000116,-0.000136
1702667641.023464,0.000000,0.000000,0.000000,0.061087,-0.029452,4.085161,0.000000,0.000000,0.000000,-0.000019,0.000000,0.000058,1467.872932,1598.356665,1609.418887,1478.680066,-0.469549,0.312723,-0.318950,0.090539,-0.090539,0.000000,0.000000,0.000000,0.000000,-0.000019,0.000000,0.000058
1702667641.029501,0.000000,0.000000,0.000000,0.061087,-0.029452,4.085161,0.000000,0.000000,0.000000,0.000039,0.000019,-0.000116,1467.861370,1598.375077,1609.403760,1478.688404,-0.469549,0.312723,-0.318950,0.090539,-0.090539,0.000000,0.000000,0.000000,0.000000,0.000039,0.000019,-0.000116
1702667641.039281,0.000000,0.000000,0.000000,0.061087,-0.029452,4.085161,0.000000,0.000000,0.000000,0.000019,0.000000,0.000058,1467.872932,1598.359967,1609.418887,1478.676829,-0.469549,0.312723,-0.318950,0.090539,-0.090539,0.000000,0.000000,0.000000,0.000000,0.000019,0.000000,0.000058
1702667641.046356,0.000000,0.000000,0.000000,0.061087,-0.029452,4.085161,0.000000,0.000000,0.000000,0.000019,0.000039,-0.000078,1467.865903,1598.370435,1609.405111,1478.687090,-0.469549,0.312723,-0.318950,0.090539,-0.090539,0.000000,0.000000,0.000000,0.000000,0.000019,0.000039,-0.000078
1702667641.054983,0.000000,0.000000,0.000000,0.061087,-0.029452,4.085161,0.000000,0.000000,0.000000,0.000000,0.000000,0.000078,1467.874395,1598.356821,1609.420385,1478.676982,-0.469549,0.312723,-0.318950,0.090539,-0.090539,0.000000,0.000000,0.000000,0.000000,0.000000,0.000000,0.000078
1702667641.065163,0.000000,0.000000,0.000000,0.061087,-0.029452,4.085161,0.000000,0.000000,0.000000,0.000039,0.000078,-0.000039,1467.872042,1598.369095,1609.404818,1478.682540,-0.469549,0.312723,-0.318950,0.090539,-0.090539,0.000000,0.000000,0.000000,0.000000,0.000039,0.000078,-0.000039
1702667641.075065,0.000000,0.000000,0.000000,0.061087,-0.029452,4.085161,0.000000,0.000000,0.000000,0.000000,0.000019,-0.000058,1467.865759,1598.367288,1609.408254,1478.687243,-0.469549,0.312723,-0.318950,0.090539,-0.090539,0.000000,0.000000,0.000000,0.000000,0.000000,0.000019,-0.000058
1702667641.089302,0.000000,0.000000,0.000000,0.061087,-0.029452,4.085161,0.000000,0.000000,0.000000,0.000019,-0.000039,0.000058,1467.869719,1598.359967,1609.422177,1478.676829,-0.469549,0.312723,-0.318950,0.090539,-0.090539,0.000000,0.000000,0.000000,0.000000,0.000019,-0.000039,0.000058
1702667641.096526,0.000000,0.000000,0.000000,0.061087,-0.029452,4.085161,0.000000,0.000000,0.000000,0.000019,0.000019,-0.000116,1467.861370,1598.373425,1609.403760,1478.690022,-0.469549,0.312723,-0.318950,0.090539,-0.090539,0.000000,0.000000,0.000000,0.000000,0.000019,0.000019,-0.000116
1702667641.106644,0.000000,0.000000,0.000000,0.061087,-0.029452,4.085161,0.000000,0.000000,0.000000,0.000019,-0.000058,0.000058,1467.868113,1598.359967,1609.423821,1478.676829,-0.469549,0.312723,-0.318950,0.090539,-0.090539,0.000000,0.000000,0.000000,0.000000,0.000019,-0.000058,0.000058
1702667641.114994,0.000000,0.000000,0.000000,0.061087,-0.029452,4.085161,0.000000,0.000000,0.000000,0.000039,0.000019,-0.000155,1467.858443,1598.378067,1609.400764,1478.691335,-0.469549,0.312723,-0.318950,0.090539,-0.090539,0.000000,0.000000,0.000000,0.000000,0.000039,0.000019,-0.000155
1702667641.125199,0.000000,0.000000,0.000000,0.061087,-0.029452,4.085161,0.000000,0.000000,0.000000,0.000039,-0.000039,0.000078,1467.871182,1598.360123,1609.423675,1478.673744,-0.469549,0.312723,-0.318950,0.090539,-0.090539,0.000000,0.000000,0.000000,0.000000,0.000039,-0.000039,0.000078
1702667641.137784,0.000000,0.000000,0.000000,0.061087,-0.029452,4.085161,0.000000,0.000000,0.000000,0.000000,0.000019,-0.000136,1467.859907,1598.373270,1609.402262,1478.693107,-0.469549,0.312723,-0.318950,0.090539,-0.090539,0.000000,0.000000,0.000000,0.000000,0.000000,0.000019,-0.000136
1702667641.146366,0.000000,0.000000,0.000000,0.061087,-0.029452,4.085161,0.000000,0.000000,0.000000,0.000019,0.000019,0.000039,1467.873075,1598.361463,1609.415744,1478.678295,-0.469549,0.312723,-0.318950,0.090539,-0.090539,0.000000,0.000000,0.000000,0.000000,0.000019,0.000019,0.000039
1702667641.156544,0.000000,0.000000,0.000000,0.061087,-0.029452,4.085161,0.000000,0.000000,0.000000,0.000000,0.000058,-0.000155,1467.861656,1598.374765,1609.397474,1478.694573,-0.469549,0.312723,-0.318950,0.090539,-0.090539,0.000000,0.000000,0.000000,0.000000,0.000000,0.000058,-0.000155
1702667641.167470,0.000000,0.000000,0.000000,0.061087,-0.029452,4.085161,0.000000,0.000000,0.000000,0.000000,0.000078,0.000019,1467.876432,1598.361307,1609.409312,1478.681380,-0.469549,0.312723,-0.318950,0.090539,-0.090539,0.000000,0.000000,0.000000,0.000000,0.000000,0.000078,0.000019
1702667641.176614,0.000000,0.000000,0.000000,0.061087,-0.029452,4.085161,0.000000,0.000000,0.000000,0.000019,0.000039,-0.000039,1467.868829,1598.367444,1609.408107,1478.684159,-0.469549,0.312723,-0.318950,0.090539,-0.090539,0.000000,0.000000,0.000000,0.000000,0.000019,0.000039,-0.000039
1702667641.187695,0.000000,0.000000,0.000000,0.061087,-0.029452,4.085161,0.000000,0.000000,0.000000,0.000000,0.000019,-0.000058,1467.865759,1598.367288,1609.408254,1478.687243,-0.469549,0.312723,-0.318950,0.090539,-0.090539,0.000000,0.000000,0.000000,0.000000,0.000000,0.000019,-0.000058
1702667641.196627,0.000000,0.000000,0.000000,0.061087,-0.029452,4.085161,0.000000,0.000000,0.000000,0.000000,-0.000019,0.000058,1467.871326,1598.358316,1609.420532,1478.678448,-0.469549,0.312723,-0.318950,0.090539,-0.090539,0.000000,0.000000,0.000000,0.000000,0.000000,-0.000019,0.000058
1702667641.206670,0.000000,0.000000,0.000000,0.061087,-0.029452,4.085161,0.000000,0.000000,0.000000,0.000039,0.000019,-0.000136,1467.859907,1598.376572,1609.402262,1478.689869,-0.469549,0.312723,-0.318950,0.090539,-0.090539,0.000000,0.000000,0.000000,0.000000,0.000039,0.000019,-0.000136
1702667641.217667,0.000000,0.000000,0.000000,0.061087,-0.029452,4.085161,0.000000,0.000000,0.000000,0.000019,-0.000058,0.000136,1467.873966,1598.353986,1609.429813,1478.670965,-0.469549,0.312723,-0.318950,0.090539,-0.090539,0.000000,0.000000,0.000000,0.000000,0.000019,-0.000058,0.000136
1702667641.226645,0.000000,0.000000,0.000000,0.061087,-0.029452,4.085161,0.000000,0.000000,0.000000,0.000058,0.000019,-0.000175,1467.856980,1598.381214,1609.399266,1478.691183,-0.469549,0.312723,-0.318950,0.090539,-0.090539,0.000000,0.000000,0.000000,0.000000,0.000058,0.000019,-0.000175
1702667641.237956,0.000000,0.000000,0.000000,0.061087,-0.029452,4.085161,0.000000,0.000000,0.000000,0.000000,0.000078,0.000116,1467.883748,1598.353830,1609.416802,1478.674050,-0.469549,0.312723,-0.318950,0.090539,-0.090539,0.000000,0.000000,0.000000,0.000000,0.000000,0.000078,0.000116
1702667641.246420,0.000000,0.000000,0.000000,0.061087,-0.029452,4.085161,0.000000,0.000000,0.000000,0.000019,0.000019,-0.000136,1467.859907,1598.374921,1609.402262,1478.691488,-0.469549,0.312723,-0.318950,0.090539,-0.090539,0.000000,0.000000,0.000000,0.000000,0.000019,0.000019,-0.000136
1702667641.255325,0.000000,0.000000,0.000000,0.061087,-0.029452,4.085161,0.000000,0.000000,0.000000,0.000019,0.000019,0.000039,1467.873075,1598.361463,1609.415744,1478.678295,-0.469549,0.312723,-0.318950,0.090539,-0.090539,0.000000,0.000000,0.000000,0.000000,0.000019,0.000019,0.000039
1702667641.266766,0.000000,0.000000,0.000000,0.061087,-0.029452,4.085161,0.000000,0.000000,0.000000,0.000019,0.000019,-0.000078,1467.864296,1598.370435,1609.406756,1478.687090,-0.469549,0.312723,-0.318950,0.090539,-0.090539,0.000000,0.000000,0.000000,0.000000,0.000019,0.000019,-0.000078
1702667641.277954,0.000000,0.000000,0.000000,0.061087,-0.029452,4.085161,0.000000,0.000000,0.000000,-0.000019,-0.000039,-0.000019,1467.863866,1598.362646,1609.416184,1478.685930,-0.469549,0.312723,-0.318950,0.090539,-0.090539,0.000000,0.000000,0.000000,0.000000,-0.000019,-0.000039,-0.000019
1702667641.289544,0.000000,0.000000,0.000000,0.061087,-0.029452,4.085161,0.000000,0.000000,0.000000,0.000039,0.000000,0.000078,1467.874395,1598.360123,1609.420385,1478.673744,-0.469549,0.312723,-0.318950,0.090539,-0.090539,0.000000,0.000000,0.000000,0.000000,0.000039,0.000000,0.000078
1702667641.296791,0.000000,0.000000,0.000000,0.061087,-0.029452,4.085161,0.000000,0.000000,0.000000,0.000019,0.000000,-0.000078,1467.862690,1598.370435,1609.408401,1478.687090,-0.469549,0.312723,-0.318950,0.090539,-0.090539,0.000000,0.000000,0.000000,0.000000,0.000019,0.000000,-0.000078
1702667641.305722,0.000000,0.000000,0.000000,0.061087,-0.029452,4.085161,0.000000,0.000000,0.000000,0.000019,0.000000,0.000097,1467.875859,1598.356977,1609.421883,1478.673897,-0.469549,0.312723,-0.318950,0.090539,-0.090539,0.000000,0.000000,0.000000,0.000000,0.000019,0.000000,0.000097
1702667641.315402,0.000000,0.000000,0.000000,0.061087,-0.029452,4.085161,0.000000,0.000000,0.000000,-0.000019,0.000019,-0.000213,1467.854054,1598.377600,1609.396270,1478.700589,-0.469549,0.312723,-0.318950,0.090539,-0.090539,0.000000,0.000000,0.000000,0.000000,-0.000019,0.000019,-0.000213
1702667641.326845,0.000000,0.000000,0.000000,0.061087,-0.029452,4.085161,0.000000,0.000000,0.000000,0.000000,-0.000058,0.000058,1467.868113,1598.358316,1609.423821,1478.678448,-0.469549,0.312723,-0.318950,0.090539,-0.090539,0.000000,0.000000,0.000000,0.000000,0.000000,-0.000058,0.000058
1702667641.339608,0.000000,0.000000,0.000000,0.061087,-0.029452,4.085161,0.000000,0.000000,0.000000,-0.000019,0.000039,-0.000136,1467.861513,1598.371618,1609.400617,1478.694725,-0.469549,0.312723,-0.318950,0.090539,-0.090539,0.000000,0.000000,0.000000,0.000000,-0.000019,0.000039,-0.000136
1702667641.346564,0.000000,0.000000,0.000000,0.061087,-0.029452,4.085161,0.000000,0.000000,0.000000,0.000019,-0.000058,0.000078,1467.869576,1598.358472,1609.425319,1478.675363,-0.469549,0.312723,-0.318950,0.090539,-0.090539,0.000000,0.000000,0.000000,0.000000,0.000019,-0.000058,0.000078
1702667641.355479,0.000000,0.000000,0.000000,0.061087,-0.029452,4.085161,0.000000,0.000000,0.000000,0.000058,-0.000058,-0.000058,1467.859333,1598.372242,1609.414833,1478.682387,-0.469549,0.312723,-0.318950,0.090539,-0.090539,0.000000,0.000000,0.000000,0.000000,0.000058,-0.000058,-0.000058
1702667641.365462,0.000000,0.000000,0.000000,0.061087,-0.029452,4.085161,0.000000,0.000000,0.000000,0.000000,-0.000039,-0.000019,1467.863866,1598.364297,1609.416184,1478.684311,-0.469549,0.312723,-0.318950,0.090539,-0.090539,0.000000,0.000000,0.000000,0.000000,0.000000,-0.000039,-0.000019
1702667641.375478,0.000000,0.000000,0.000000,0.061087,-0.029452,4.085161,0.000000,0.000000,0.000000,0.000039,0.000019,0.000019,1467.871612,1598.364609,1609.414246,1478.678142,-0.469549,0.312723,-0.318950,0.090539,-0.090539,0.000000,0.000000,0.000000,0.000000,0.000039,0.000019,0.000019
1702667641.388111,0.000000,0.000000,0.000000,0.061087,-0.029452,4.085161,0.000000,0.000000,0.000000,-0.000019,-0.000019,-0.000039,1467.864010,1598.364142,1609.413042,1478.687396,-0.469549,0.312723,-0.318950,0.090539,-0.090539,0.000000,0.000000,0.000000,0.000000,-0.000019,-0.000019,-0.000039
1702667641.396925,0.000000,0.000000,0.000000,0.061087,-0.029452,4.085161,0.000000,0.000000,0.000000,-0.000019,0.000058,0.000039,1467.876288,1598.358160,1609.412455,1478.681532,-0.469549,0.312723,-0.318950,0.090539,-0.090539,0.000000,0.000000,0.000000,0.000000,-0.000019,0.000058,0.000039
1702667641.406852,0.000000,0.000000,0.000000,0.061087,-0.029452,4.085161,0.000000,0.000000,0.000000,0.000000,0.000000,-0.000116,1467.859763,1598.371774,1609.405405,1478.691641,-0.469549,0.312723,-0.318950,0.090539,-0.090539,0.000000,0.000000,0.000000,0.000000,0.000000,0.000000,-0.000116
1702667641.415467,0.000000,0.000000,0.000000,0.061087,-0.029452,4.085161,0.000000,0.000000,0.000000,-0.000019,-0.000078,0.000078,1467.867969,1598.355170,1609.426964,1478.678600,-0.469549,0.312723,-0.318950,0.090539,-0.090539,0.000000,0.000000,0.000000,0.000000,-0.000019,-0.000078,0.000078
1702667641.427010,0.000000,0.000000,0.000000,0.061087,-0.029452,4.085161,0.000000,0.000000,0.000000,0.000039,0.000019,-0.000136,1467.859907,1598.376572,1609.402262,1478.689869,-0.469549,0.312723,-0.318950,0.090539,-0.090539,0.000000,0.000000,0.000000,0.000000,0.000039,0.000019,-0.000136
1702667641.443944,0.000000,0.000000,0.000000,0.061087,-0.029452,4.085161,0.000000,0.000000,0.000000,0.000039,-0.000097,0.000097,1467.867826,1598.358628,1609.430107,1478.672279,-0.469549,0.312723,-0.318950,0.090539,-0.090539,0.000000,0.000000,0.000000,0.000000,0.000039,-0.000097,0.000097
1702667641.449879,0.000000,0.000000,0.000000,0.061087,-0.029452,4.085161,0.000000,0.000000,0.000000,-0.000019,0.000000,-0.000078,1467.862690,1598.367132,1609.408401,1478.690328,-0.469549,0.312723,-0.318950,0.090539,-0.090539,0.000000,0.000000,0.000000,0.000000,-0.000019,0.000000,-0.000078
1702667641.457058,0.000000,0.000000,0.000000,0.061087,-0.029452,4.085161,0.000000,0.000000,0.000000,-0.000039,0.000000,0.000039,1467.871469,1598.356509,1609.417389,1478.683151,-0.469549,0.312723,-0.318950,0.090539,-0.090539,0.000000,0.000000,0.000000,0.000000,-0.000039,0.000000,0.000039
1702667641.466989,0.000000,0.000000,0.000000,0.061087,-0.029452,4.085161,0.000000,0.000000,0.000000,0.000000,0.000000,-0.000019,1467.867079,1598.364297,1609.412895,1478.684311,-0.469549,0.312723,-0.318950,0.090539,-0.090539,0.000000,0.000000,0.000000,0.000000,0.000000,0.000000,-0.000019
